/*******************************************************************************
 * Size: 48 px
 * Bpp: 1
 * Opts: --font tools/fonts/src/Silkscreen-Bold.ttf --size 48 --bpp 1 --range 0x20-0x7E,0xA0-0xFF,0x2013-0x2014,0x2018-0x201D,0x2026,0x20AC --format lvgl --no-compress --lv-include lvgl.h --lv-font-name tonus_font_display_48 -o ui/fonts/tonus_font_display_48.c
 ******************************************************************************/

#ifdef LV_LVGL_H_INCLUDE_SIMPLE
#include "lvgl.h"
#else
#include "lvgl.h"
#endif

#ifndef TONUS_FONT_DISPLAY_48
#define TONUS_FONT_DISPLAY_48 1
#endif

#if TONUS_FONT_DISPLAY_48

/*-----------------
 *    BITMAPS
 *----------------*/

/*Store the image of the glyphs*/
static LV_ATTRIBUTE_LARGE_CONST const uint8_t glyph_bitmap[] = {
    /* U+0020 " " */
    0x0,

    /* U+0021 "!" */
    0xff, 0xff, 0xff, 0xff, 0xff, 0xff, 0xff, 0xff,
    0xff, 0xff, 0xff, 0xff, 0xff, 0xff, 0xff, 0xff,
    0xff, 0xff, 0xff, 0xff, 0xff, 0xff, 0xff, 0xff,
    0xff, 0xff, 0xff, 0x0, 0x0, 0x0, 0x0, 0x0,
    0x0, 0x0, 0x0, 0x0, 0xff, 0xff, 0xff, 0xff,
    0xff, 0xff, 0xff, 0xff, 0xff,

    /* U+0022 "\"" */
    0xff, 0xff, 0xff, 0xff, 0xff, 0xff, 0xff, 0xff,
    0xff, 0xff, 0xff, 0xff, 0xff, 0xff, 0xff, 0xff,
    0xff, 0xff, 0xff, 0xff, 0xff, 0xff, 0xff, 0xff,
    0xff, 0xff, 0xff, 0xff, 0xff, 0xff, 0xff, 0xff,
    0xff, 0xff, 0xff, 0xff,

    /* U+0023 "#" */
    0x3, 0xff, 0xff, 0xfc, 0x0, 0x3f, 0xff, 0xff,
    0xc0, 0x3, 0xff, 0xff, 0xfc, 0x0, 0x3f, 0xff,
    0xff, 0xc0, 0x3, 0xff, 0xff, 0xfc, 0x0, 0x3f,
    0xff, 0xff, 0xc0, 0xff, 0xff, 0xff, 0xff, 0xff,
    0xff, 0xff, 0xff, 0xff, 0xff, 0xff, 0xff, 0xff,
    0xff, 0xff, 0xff, 0xff, 0xff, 0xff, 0xff, 0xff,
    0xff, 0xff, 0xff, 0xff, 0xff, 0xff, 0x3, 0xff,
    0xff, 0xfc, 0x0, 0x3f, 0xff, 0xff, 0xc0, 0x3,
    0xff, 0xff, 0xfc, 0x0, 0x3f, 0xff, 0xff, 0xc0,
    0x3, 0xff, 0xff, 0xfc, 0x0, 0x3f, 0xff, 0xff,
    0xc0, 0xff, 0xff, 0xff, 0xff, 0xff, 0xff, 0xff,
    0xff, 0xff, 0xff, 0xff, 0xff, 0xff, 0xff, 0xff,
    0xff, 0xff, 0xff, 0xff, 0xff, 0xff, 0xff, 0xff,
    0xff, 0xff, 0xff, 0xff, 0x3, 0xff, 0xff, 0xfc,
    0x0, 0x3f, 0xff, 0xff, 0xc0, 0x3, 0xff, 0xff,
    0xfc, 0x0, 0x3f, 0xff, 0xff, 0xc0, 0x3, 0xff,
    0xff, 0xfc, 0x0, 0x3f, 0xff, 0xff, 0xc0,

    /* U+0024 "$" */
    0x0, 0xf, 0xff, 0x0, 0x0, 0x3f, 0xfc, 0x0,
    0x0, 0xff, 0xf0, 0x0, 0x3, 0xff, 0xc0, 0x0,
    0xf, 0xff, 0x0, 0x0, 0x3f, 0xfc, 0x0, 0x3f,
    0xff, 0xff, 0xc0, 0xff, 0xff, 0xff, 0x3, 0xff,
    0xff, 0xfc, 0xf, 0xff, 0xff, 0xf0, 0x3f, 0xff,
    0xff, 0xc0, 0xff, 0xff, 0xff, 0xff, 0xf0, 0x0,
    0x3, 0xff, 0xc0, 0x0, 0xf, 0xff, 0x0, 0x0,
    0x3f, 0xfc, 0x0, 0x0, 0xff, 0xf0, 0x0, 0x3,
    0xff, 0xc0, 0x0, 0x0, 0x3f, 0xff, 0xf0, 0x0,
    0xff, 0xff, 0xc0, 0x3, 0xff, 0xff, 0x0, 0xf,
    0xff, 0xfc, 0x0, 0x3f, 0xff, 0xf0, 0x0, 0xff,
    0xff, 0xc0, 0x0, 0x0, 0x3f, 0xfc, 0x0, 0x0,
    0xff, 0xf0, 0x0, 0x3, 0xff, 0xc0, 0x0, 0xf,
    0xff, 0x0, 0x0, 0x3f, 0xfc, 0x0, 0x0, 0xff,
    0xff, 0xff, 0xff, 0xf0, 0x3f, 0xff, 0xff, 0xc0,
    0xff, 0xff, 0xff, 0x3, 0xff, 0xff, 0xfc, 0xf,
    0xff, 0xff, 0xf0, 0x3f, 0xff, 0xff, 0xc0, 0x3,
    0xff, 0xc0, 0x0, 0xf, 0xff, 0x0, 0x0, 0x3f,
    0xfc, 0x0, 0x0, 0xff, 0xf0, 0x0, 0x3, 0xff,
    0xc0, 0x0, 0xf, 0xff, 0x0, 0x0,

    /* U+0025 "%" */
    0xff, 0xff, 0xff, 0xfc, 0xf, 0xff, 0xff, 0xff,
    0xc0, 0xff, 0xff, 0xff, 0xfc, 0xf, 0xff, 0xff,
    0xff, 0xc0, 0xff, 0xff, 0xff, 0xfc, 0xf, 0xff,
    0xff, 0xff, 0xc0, 0xff, 0xff, 0xff, 0xfc, 0xf,
    0xff, 0xff, 0xff, 0xc0, 0xff, 0xff, 0xff, 0xfc,
    0xf, 0xff, 0xff, 0xff, 0xc0, 0xff, 0xff, 0xff,
    0xfc, 0xf, 0xff, 0xff, 0xff, 0xc0, 0x0, 0xf,
    0xff, 0x0, 0x0, 0x0, 0xff, 0xf0, 0x0, 0x0,
    0xf, 0xff, 0x0, 0x0, 0x0, 0xff, 0xf0, 0x0,
    0x0, 0xf, 0xff, 0x0, 0x0, 0x0, 0xff, 0xf0,
    0x0, 0x3, 0xff, 0xff, 0xff, 0xf0, 0x3f, 0xff,
    0xff, 0xff, 0x3, 0xff, 0xff, 0xff, 0xf0, 0x3f,
    0xff, 0xff, 0xff, 0x3, 0xff, 0xff, 0xff, 0xf0,
    0x3f, 0xff, 0xff, 0xff, 0x3, 0xff, 0xff, 0xff,
    0xf0, 0x3f, 0xff, 0xff, 0xff, 0x3, 0xff, 0xff,
    0xff, 0xf0, 0x3f, 0xff, 0xff, 0xff, 0x3, 0xff,
    0xff, 0xff, 0xf0, 0x3f, 0xff, 0xff, 0xff,

    /* U+0026 "&" */
    0x0, 0xf, 0xff, 0x0, 0x0, 0x3f, 0xfc, 0x0,
    0x0, 0xff, 0xf0, 0x0, 0x3, 0xff, 0xc0, 0x0,
    0xf, 0xff, 0x0, 0x0, 0x3f, 0xfc, 0x0, 0x3f,
    0xff, 0xff, 0xc0, 0xff, 0xff, 0xff, 0x3, 0xff,
    0xff, 0xfc, 0xf, 0xff, 0xff, 0xf0, 0x3f, 0xff,
    0xff, 0xc0, 0xff, 0xff, 0xff, 0xff, 0xf0, 0x0,
    0x3, 0xff, 0xc0, 0x0, 0xf, 0xff, 0x0, 0x0,
    0x3f, 0xfc, 0x0, 0x0, 0xff, 0xf0, 0x0, 0x3,
    0xff, 0xc0, 0x0, 0x0, 0x3f, 0xff, 0xf0, 0x0,
    0xff, 0xff, 0xc0, 0x3, 0xff, 0xff, 0x0, 0xf,
    0xff, 0xfc, 0x0, 0x3f, 0xff, 0xf0, 0x0, 0xff,
    0xff, 0xc0, 0xff, 0xf0, 0x0, 0x3, 0xff, 0xc0,
    0x0, 0xf, 0xff, 0x0, 0x0, 0x3f, 0xfc, 0x0,
    0x0, 0xff, 0xf0, 0x0, 0x3, 0xff, 0xc0, 0x0,
    0x0, 0x3f, 0xff, 0xff, 0xc0, 0xff, 0xff, 0xff,
    0x3, 0xff, 0xff, 0xfc, 0xf, 0xff, 0xff, 0xf0,
    0x3f, 0xff, 0xff, 0xc0, 0xff, 0xff, 0xff, 0x0,
    0xf, 0xff, 0x0, 0x0, 0x3f, 0xfc, 0x0, 0x0,
    0xff, 0xf0, 0x0, 0x3, 0xff, 0xc0, 0x0, 0xf,
    0xff, 0x0, 0x0, 0x3f, 0xfc, 0x0,

    /* U+0027 "'" */
    0xff, 0xff, 0xff, 0xff, 0xff, 0xff, 0xff, 0xff,
    0xff, 0xff, 0xff, 0xff, 0xff, 0xff, 0xff, 0xff,
    0xff, 0xff,

    /* U+0028 "(" */
    0x3, 0xff, 0xc0, 0xff, 0xf0, 0x3f, 0xfc, 0xf,
    0xff, 0x3, 0xff, 0xc0, 0xff, 0xff, 0xff, 0x3,
    0xff, 0xc0, 0xff, 0xf0, 0x3f, 0xfc, 0xf, 0xff,
    0x3, 0xff, 0xc0, 0xff, 0xf0, 0x3f, 0xfc, 0xf,
    0xff, 0x3, 0xff, 0xc0, 0xff, 0xf0, 0x3f, 0xfc,
    0xf, 0xff, 0x3, 0xff, 0xc0, 0xff, 0xf0, 0x3f,
    0xfc, 0xf, 0xff, 0x3, 0xff, 0xc0, 0x3, 0xff,
    0xc0, 0xff, 0xf0, 0x3f, 0xfc, 0xf, 0xff, 0x3,
    0xff, 0xc0, 0xff, 0xf0,

    /* U+0029 ")" */
    0xff, 0xf0, 0x3f, 0xfc, 0xf, 0xff, 0x3, 0xff,
    0xc0, 0xff, 0xf0, 0x3f, 0xfc, 0x0, 0x3f, 0xfc,
    0xf, 0xff, 0x3, 0xff, 0xc0, 0xff, 0xf0, 0x3f,
    0xfc, 0xf, 0xff, 0x3, 0xff, 0xc0, 0xff, 0xf0,
    0x3f, 0xfc, 0xf, 0xff, 0x3, 0xff, 0xc0, 0xff,
    0xf0, 0x3f, 0xfc, 0xf, 0xff, 0x3, 0xff, 0xc0,
    0xff, 0xf0, 0x3f, 0xfc, 0xf, 0xff, 0xff, 0xf0,
    0x3f, 0xfc, 0xf, 0xff, 0x3, 0xff, 0xc0, 0xff,
    0xf0, 0x3f, 0xfc, 0x0,

    /* U+002A "*" */
    0x0, 0xf, 0xff, 0x0, 0x0, 0x0, 0xff, 0xf0,
    0x0, 0x0, 0xf, 0xff, 0x0, 0x0, 0x0, 0xff,
    0xf0, 0x0, 0x0, 0xf, 0xff, 0x0, 0x0, 0x0,
    0xff, 0xf0, 0x0, 0xff, 0xff, 0xff, 0xff, 0xff,
    0xff, 0xff, 0xff, 0xff, 0xff, 0xff, 0xff, 0xff,
    0xff, 0xff, 0xff, 0xff, 0xff, 0xff, 0xff, 0xff,
    0xff, 0xff, 0xff, 0xff, 0xff, 0xff, 0x3, 0xff,
    0xff, 0xfc, 0x0, 0x3f, 0xff, 0xff, 0xc0, 0x3,
    0xff, 0xff, 0xfc, 0x0, 0x3f, 0xff, 0xff, 0xc0,
    0x3, 0xff, 0xff, 0xfc, 0x0, 0x3f, 0xff, 0xff,
    0xc0, 0xff, 0xff, 0xff, 0xff, 0xff, 0xff, 0xff,
    0xff, 0xff, 0xff, 0xff, 0xff, 0xff, 0xff, 0xff,
    0xff, 0xff, 0xff, 0xff, 0xff, 0xff, 0xff, 0xff,
    0xff, 0xff, 0xff, 0xff, 0x0, 0xf, 0xff, 0x0,
    0x0, 0x0, 0xff, 0xf0, 0x0, 0x0, 0xf, 0xff,
    0x0, 0x0, 0x0, 0xff, 0xf0, 0x0, 0x0, 0xf,
    0xff, 0x0, 0x0, 0x0, 0xff, 0xf0, 0x0,

    /* U+002B "+" */
    0x0, 0xf, 0xff, 0x0, 0x0, 0x0, 0xff, 0xf0,
    0x0, 0x0, 0xf, 0xff, 0x0, 0x0, 0x0, 0xff,
    0xf0, 0x0, 0x0, 0xf, 0xff, 0x0, 0x0, 0x0,
    0xff, 0xf0, 0x0, 0x0, 0xf, 0xff, 0x0, 0x0,
    0x0, 0xff, 0xf0, 0x0, 0x0, 0xf, 0xff, 0x0,
    0x0, 0x0, 0xff, 0xf0, 0x0, 0x0, 0xf, 0xff,
    0x0, 0x0, 0x0, 0xff, 0xf0, 0x0, 0xff, 0xff,
    0xff, 0xff, 0xff, 0xff, 0xff, 0xff, 0xff, 0xff,
    0xff, 0xff, 0xff, 0xff, 0xff, 0xff, 0xff, 0xff,
    0xff, 0xff, 0xff, 0xff, 0xff, 0xff, 0xff, 0xff,
    0xff, 0x0, 0xf, 0xff, 0x0, 0x0, 0x0, 0xff,
    0xf0, 0x0, 0x0, 0xf, 0xff, 0x0, 0x0, 0x0,
    0xff, 0xf0, 0x0, 0x0, 0xf, 0xff, 0x0, 0x0,
    0x0, 0xff, 0xf0, 0x0, 0x0, 0xf, 0xff, 0x0,
    0x0, 0x0, 0xff, 0xf0, 0x0, 0x0, 0xf, 0xff,
    0x0, 0x0, 0x0, 0xff, 0xf0, 0x0, 0x0, 0xf,
    0xff, 0x0, 0x0, 0x0, 0xff, 0xf0, 0x0,

    /* U+002C "," */
    0x3, 0xff, 0xc0, 0xff, 0xf0, 0x3f, 0xfc, 0xf,
    0xff, 0x3, 0xff, 0xc0, 0xff, 0xff, 0xff, 0x3,
    0xff, 0xc0, 0xff, 0xf0, 0x3f, 0xfc, 0xf, 0xff,
    0x3, 0xff, 0xc0,

    /* U+002D "-" */
    0xff, 0xff, 0xff, 0xff, 0xff, 0xff, 0xff, 0xff,
    0xff, 0xff, 0xff, 0xff, 0xff, 0xff, 0xff, 0xff,
    0xff, 0xff,

    /* U+002E "." */
    0xff, 0xff, 0xff, 0xff, 0xff, 0xff, 0xff, 0xff,
    0xff,

    /* U+002F "/" */
    0x0, 0xf, 0xff, 0x0, 0xf, 0xff, 0x0, 0xf,
    0xff, 0x0, 0xf, 0xff, 0x0, 0xf, 0xff, 0x0,
    0xf, 0xff, 0x0, 0xf, 0xff, 0x0, 0xf, 0xff,
    0x0, 0xf, 0xff, 0x0, 0xf, 0xff, 0x0, 0xf,
    0xff, 0x0, 0xf, 0xff, 0x3, 0xff, 0xc0, 0x3,
    0xff, 0xc0, 0x3, 0xff, 0xc0, 0x3, 0xff, 0xc0,
    0x3, 0xff, 0xc0, 0x3, 0xff, 0xc0, 0xff, 0xf0,
    0x0, 0xff, 0xf0, 0x0, 0xff, 0xf0, 0x0, 0xff,
    0xf0, 0x0, 0xff, 0xf0, 0x0, 0xff, 0xf0, 0x0,
    0xff, 0xf0, 0x0, 0xff, 0xf0, 0x0, 0xff, 0xf0,
    0x0, 0xff, 0xf0, 0x0, 0xff, 0xf0, 0x0, 0xff,
    0xf0, 0x0,

    /* U+0030 "0" */
    0x3, 0xff, 0xff, 0x0, 0xf, 0xff, 0xfc, 0x0,
    0x3f, 0xff, 0xf0, 0x0, 0xff, 0xff, 0xc0, 0x3,
    0xff, 0xff, 0x0, 0xf, 0xff, 0xfc, 0xf, 0xff,
    0x3, 0xff, 0xff, 0xfc, 0xf, 0xff, 0xff, 0xf0,
    0x3f, 0xff, 0xff, 0xc0, 0xff, 0xff, 0xff, 0x3,
    0xff, 0xff, 0xfc, 0xf, 0xff, 0xff, 0xf0, 0x3f,
    0xff, 0xff, 0xc0, 0xff, 0xff, 0xff, 0x3, 0xff,
    0xff, 0xfc, 0xf, 0xff, 0xff, 0xf0, 0x3f, 0xff,
    0xff, 0xc0, 0xff, 0xff, 0xff, 0x3, 0xff, 0xff,
    0xfc, 0xf, 0xff, 0xff, 0xf0, 0x3f, 0xff, 0xff,
    0xc0, 0xff, 0xff, 0xff, 0x3, 0xff, 0xff, 0xfc,
    0xf, 0xff, 0x3, 0xff, 0xff, 0x0, 0xf, 0xff,
    0xfc, 0x0, 0x3f, 0xff, 0xf0, 0x0, 0xff, 0xff,
    0xc0, 0x3, 0xff, 0xff, 0x0, 0xf, 0xff, 0xfc,
    0x0,

    /* U+0031 "1" */
    0xff, 0xff, 0xc0, 0xff, 0xff, 0xc0, 0xff, 0xff,
    0xc0, 0xff, 0xff, 0xc0, 0xff, 0xff, 0xc0, 0xff,
    0xff, 0xc0, 0x3, 0xff, 0xc0, 0x3, 0xff, 0xc0,
    0x3, 0xff, 0xc0, 0x3, 0xff, 0xc0, 0x3, 0xff,
    0xc0, 0x3, 0xff, 0xc0, 0x3, 0xff, 0xc0, 0x3,
    0xff, 0xc0, 0x3, 0xff, 0xc0, 0x3, 0xff, 0xc0,
    0x3, 0xff, 0xc0, 0x3, 0xff, 0xc0, 0x3, 0xff,
    0xc0, 0x3, 0xff, 0xc0, 0x3, 0xff, 0xc0, 0x3,
    0xff, 0xc0, 0x3, 0xff, 0xc0, 0x3, 0xff, 0xc0,
    0xff, 0xff, 0xff, 0xff, 0xff, 0xff, 0xff, 0xff,
    0xff, 0xff, 0xff, 0xff, 0xff, 0xff, 0xff, 0xff,
    0xff, 0xff,

    /* U+0032 "2" */
    0xff, 0xff, 0xff, 0x3, 0xff, 0xff, 0xfc, 0xf,
    0xff, 0xff, 0xf0, 0x3f, 0xff, 0xff, 0xc0, 0xff,
    0xff, 0xff, 0x3, 0xff, 0xff, 0xfc, 0x0, 0x0,
    0x3, 0xff, 0xc0, 0x0, 0xf, 0xff, 0x0, 0x0,
    0x3f, 0xfc, 0x0, 0x0, 0xff, 0xf0, 0x0, 0x3,
    0xff, 0xc0, 0x0, 0xf, 0xff, 0x3, 0xff, 0xff,
    0x0, 0xf, 0xff, 0xfc, 0x0, 0x3f, 0xff, 0xf0,
    0x0, 0xff, 0xff, 0xc0, 0x3, 0xff, 0xff, 0x0,
    0xf, 0xff, 0xfc, 0xf, 0xff, 0x0, 0x0, 0x3f,
    0xfc, 0x0, 0x0, 0xff, 0xf0, 0x0, 0x3, 0xff,
    0xc0, 0x0, 0xf, 0xff, 0x0, 0x0, 0x3f, 0xfc,
    0x0, 0x0, 0xff, 0xff, 0xff, 0xff, 0xff, 0xff,
    0xff, 0xff, 0xff, 0xff, 0xff, 0xff, 0xff, 0xff,
    0xff, 0xff, 0xff, 0xff, 0xff, 0xff, 0xff, 0xff,
    0xf0,

    /* U+0033 "3" */
    0xff, 0xff, 0xff, 0x3, 0xff, 0xff, 0xfc, 0xf,
    0xff, 0xff, 0xf0, 0x3f, 0xff, 0xff, 0xc0, 0xff,
    0xff, 0xff, 0x3, 0xff, 0xff, 0xfc, 0x0, 0x0,
    0x3, 0xff, 0xc0, 0x0, 0xf, 0xff, 0x0, 0x0,
    0x3f, 0xfc, 0x0, 0x0, 0xff, 0xf0, 0x0, 0x3,
    0xff, 0xc0, 0x0, 0xf, 0xff, 0x3, 0xff, 0xff,
    0x0, 0xf, 0xff, 0xfc, 0x0, 0x3f, 0xff, 0xf0,
    0x0, 0xff, 0xff, 0xc0, 0x3, 0xff, 0xff, 0x0,
    0xf, 0xff, 0xfc, 0x0, 0x0, 0x3, 0xff, 0xc0,
    0x0, 0xf, 0xff, 0x0, 0x0, 0x3f, 0xfc, 0x0,
    0x0, 0xff, 0xf0, 0x0, 0x3, 0xff, 0xc0, 0x0,
    0xf, 0xff, 0xff, 0xff, 0xff, 0x3, 0xff, 0xff,
    0xfc, 0xf, 0xff, 0xff, 0xf0, 0x3f, 0xff, 0xff,
    0xc0, 0xff, 0xff, 0xff, 0x3, 0xff, 0xff, 0xfc,
    0x0,

    /* U+0034 "4" */
    0xff, 0xff, 0xff, 0x3, 0xff, 0xff, 0xfc, 0xf,
    0xff, 0xff, 0xf0, 0x3f, 0xff, 0xff, 0xc0, 0xff,
    0xff, 0xff, 0x3, 0xff, 0xff, 0xfc, 0xf, 0xff,
    0xff, 0xf0, 0x3f, 0xff, 0xff, 0xc0, 0xff, 0xff,
    0xff, 0x3, 0xff, 0xff, 0xfc, 0xf, 0xff, 0xff,
    0xf0, 0x3f, 0xff, 0xff, 0xc0, 0xff, 0xff, 0xff,
    0xff, 0xff, 0xff, 0xff, 0xff, 0xff, 0xff, 0xff,
    0xff, 0xff, 0xff, 0xff, 0xff, 0xff, 0xff, 0xff,
    0xff, 0xff, 0xff, 0xf0, 0x0, 0xff, 0xf0, 0x0,
    0x3, 0xff, 0xc0, 0x0, 0xf, 0xff, 0x0, 0x0,
    0x3f, 0xfc, 0x0, 0x0, 0xff, 0xf0, 0x0, 0x3,
    0xff, 0xc0, 0x0, 0xf, 0xff, 0x0, 0x0, 0x3f,
    0xfc, 0x0, 0x0, 0xff, 0xf0, 0x0, 0x3, 0xff,
    0xc0, 0x0, 0xf, 0xff, 0x0, 0x0, 0x3f, 0xfc,
    0x0,

    /* U+0035 "5" */
    0xff, 0xff, 0xff, 0xff, 0xff, 0xff, 0xff, 0xff,
    0xff, 0xff, 0xff, 0xff, 0xff, 0xff, 0xff, 0xff,
    0xff, 0xff, 0xff, 0xff, 0xff, 0xff, 0xff, 0xff,
    0x0, 0x0, 0x3f, 0xfc, 0x0, 0x0, 0xff, 0xf0,
    0x0, 0x3, 0xff, 0xc0, 0x0, 0xf, 0xff, 0x0,
    0x0, 0x3f, 0xfc, 0x0, 0x0, 0xff, 0xff, 0xff,
    0x3, 0xff, 0xff, 0xfc, 0xf, 0xff, 0xff, 0xf0,
    0x3f, 0xff, 0xff, 0xc0, 0xff, 0xff, 0xff, 0x3,
    0xff, 0xff, 0xfc, 0x0, 0x0, 0x3, 0xff, 0xc0,
    0x0, 0xf, 0xff, 0x0, 0x0, 0x3f, 0xfc, 0x0,
    0x0, 0xff, 0xf0, 0x0, 0x3, 0xff, 0xc0, 0x0,
    0xf, 0xff, 0xff, 0xff, 0xff, 0x3, 0xff, 0xff,
    0xfc, 0xf, 0xff, 0xff, 0xf0, 0x3f, 0xff, 0xff,
    0xc0, 0xff, 0xff, 0xff, 0x3, 0xff, 0xff, 0xfc,
    0x0,

    /* U+0036 "6" */
    0x3, 0xff, 0xff, 0x0, 0xf, 0xff, 0xfc, 0x0,
    0x3f, 0xff, 0xf0, 0x0, 0xff, 0xff, 0xc0, 0x3,
    0xff, 0xff, 0x0, 0xf, 0xff, 0xfc, 0xf, 0xff,
    0x0, 0x0, 0x3f, 0xfc, 0x0, 0x0, 0xff, 0xf0,
    0x0, 0x3, 0xff, 0xc0, 0x0, 0xf, 0xff, 0x0,
    0x0, 0x3f, 0xfc, 0x0, 0x0, 0xff, 0xff, 0xff,
    0x3, 0xff, 0xff, 0xfc, 0xf, 0xff, 0xff, 0xf0,
    0x3f, 0xff, 0xff, 0xc0, 0xff, 0xff, 0xff, 0x3,
    0xff, 0xff, 0xfc, 0xf, 0xff, 0x3, 0xff, 0xff,
    0xfc, 0xf, 0xff, 0xff, 0xf0, 0x3f, 0xff, 0xff,
    0xc0, 0xff, 0xff, 0xff, 0x3, 0xff, 0xff, 0xfc,
    0xf, 0xff, 0x3, 0xff, 0xff, 0x0, 0xf, 0xff,
    0xfc, 0x0, 0x3f, 0xff, 0xf0, 0x0, 0xff, 0xff,
    0xc0, 0x3, 0xff, 0xff, 0x0, 0xf, 0xff, 0xfc,
    0x0,

    /* U+0037 "7" */
    0xff, 0xff, 0xff, 0xff, 0xff, 0xff, 0xff, 0xff,
    0xff, 0xff, 0xff, 0xff, 0xff, 0xff, 0xff, 0xff,
    0xff, 0xff, 0xff, 0xff, 0xff, 0xff, 0xf0, 0x0,
    0x3, 0xff, 0xc0, 0x0, 0xf, 0xff, 0x0, 0x0,
    0x3f, 0xfc, 0x0, 0x0, 0xff, 0xf0, 0x0, 0x3,
    0xff, 0xc0, 0x0, 0xf, 0xff, 0x0, 0xf, 0xff,
    0x0, 0x0, 0x3f, 0xfc, 0x0, 0x0, 0xff, 0xf0,
    0x0, 0x3, 0xff, 0xc0, 0x0, 0xf, 0xff, 0x0,
    0x0, 0x3f, 0xfc, 0x0, 0x3f, 0xfc, 0x0, 0x0,
    0xff, 0xf0, 0x0, 0x3, 0xff, 0xc0, 0x0, 0xf,
    0xff, 0x0, 0x0, 0x3f, 0xfc, 0x0, 0x0, 0xff,
    0xf0, 0x0, 0x3, 0xff, 0xc0, 0x0, 0xf, 0xff,
    0x0, 0x0, 0x3f, 0xfc, 0x0, 0x0, 0xff, 0xf0,
    0x0, 0x3, 0xff, 0xc0, 0x0, 0xf, 0xff, 0x0,
    0x0,

    /* U+0038 "8" */
    0x3, 0xff, 0xff, 0x0, 0xf, 0xff, 0xfc, 0x0,
    0x3f, 0xff, 0xf0, 0x0, 0xff, 0xff, 0xc0, 0x3,
    0xff, 0xff, 0x0, 0xf, 0xff, 0xfc, 0xf, 0xff,
    0x3, 0xff, 0xff, 0xfc, 0xf, 0xff, 0xff, 0xf0,
    0x3f, 0xff, 0xff, 0xc0, 0xff, 0xff, 0xff, 0x3,
    0xff, 0xff, 0xfc, 0xf, 0xff, 0x3, 0xff, 0xff,
    0x0, 0xf, 0xff, 0xfc, 0x0, 0x3f, 0xff, 0xf0,
    0x0, 0xff, 0xff, 0xc0, 0x3, 0xff, 0xff, 0x0,
    0xf, 0xff, 0xfc, 0xf, 0xff, 0x3, 0xff, 0xff,
    0xfc, 0xf, 0xff, 0xff, 0xf0, 0x3f, 0xff, 0xff,
    0xc0, 0xff, 0xff, 0xff, 0x3, 0xff, 0xff, 0xfc,
    0xf, 0xff, 0x3, 0xff, 0xff, 0x0, 0xf, 0xff,
    0xfc, 0x0, 0x3f, 0xff, 0xf0, 0x0, 0xff, 0xff,
    0xc0, 0x3, 0xff, 0xff, 0x0, 0xf, 0xff, 0xfc,
    0x0,

    /* U+0039 "9" */
    0x3, 0xff, 0xff, 0x0, 0xf, 0xff, 0xfc, 0x0,
    0x3f, 0xff, 0xf0, 0x0, 0xff, 0xff, 0xc0, 0x3,
    0xff, 0xff, 0x0, 0xf, 0xff, 0xfc, 0xf, 0xff,
    0x3, 0xff, 0xff, 0xfc, 0xf, 0xff, 0xff, 0xf0,
    0x3f, 0xff, 0xff, 0xc0, 0xff, 0xff, 0xff, 0x3,
    0xff, 0xff, 0xfc, 0xf, 0xff, 0x3, 0xff, 0xff,
    0xfc, 0xf, 0xff, 0xff, 0xf0, 0x3f, 0xff, 0xff,
    0xc0, 0xff, 0xff, 0xff, 0x3, 0xff, 0xff, 0xfc,
    0xf, 0xff, 0xff, 0xf0, 0x0, 0x3, 0xff, 0xc0,
    0x0, 0xf, 0xff, 0x0, 0x0, 0x3f, 0xfc, 0x0,
    0x0, 0xff, 0xf0, 0x0, 0x3, 0xff, 0xc0, 0x0,
    0xf, 0xff, 0x3, 0xff, 0xff, 0x0, 0xf, 0xff,
    0xfc, 0x0, 0x3f, 0xff, 0xf0, 0x0, 0xff, 0xff,
    0xc0, 0x3, 0xff, 0xff, 0x0, 0xf, 0xff, 0xfc,
    0x0,

    /* U+003A ":" */
    0xff, 0xff, 0xff, 0xff, 0xff, 0xff, 0xff, 0xff,
    0xff, 0x0, 0x0, 0x0, 0x0, 0x0, 0x0, 0x0,
    0x0, 0x0, 0xff, 0xff, 0xff, 0xff, 0xff, 0xff,
    0xff, 0xff, 0xff,

    /* U+003B ";" */
    0x3, 0xff, 0xc0, 0xff, 0xf0, 0x3f, 0xfc, 0xf,
    0xff, 0x3, 0xff, 0xc0, 0xff, 0xf0, 0x0, 0x0,
    0x0, 0x0, 0x0, 0x0, 0x0, 0x0, 0x0, 0x0,
    0x0, 0x0, 0x0, 0x3, 0xff, 0xc0, 0xff, 0xf0,
    0x3f, 0xfc, 0xf, 0xff, 0x3, 0xff, 0xc0, 0xff,
    0xff, 0xff, 0x3, 0xff, 0xc0, 0xff, 0xf0, 0x3f,
    0xfc, 0xf, 0xff, 0x3, 0xff, 0xc0,

    /* U+003C "<" */
    0x0, 0xf, 0xff, 0x0, 0xf, 0xff, 0x0, 0xf,
    0xff, 0x0, 0xf, 0xff, 0x0, 0xf, 0xff, 0x0,
    0xf, 0xff, 0x3, 0xff, 0xc0, 0x3, 0xff, 0xc0,
    0x3, 0xff, 0xc0, 0x3, 0xff, 0xc0, 0x3, 0xff,
    0xc0, 0x3, 0xff, 0xc0, 0xff, 0xf0, 0x0, 0xff,
    0xf0, 0x0, 0xff, 0xf0, 0x0, 0xff, 0xf0, 0x0,
    0xff, 0xf0, 0x0, 0xff, 0xf0, 0x0, 0x3, 0xff,
    0xc0, 0x3, 0xff, 0xc0, 0x3, 0xff, 0xc0, 0x3,
    0xff, 0xc0, 0x3, 0xff, 0xc0, 0x3, 0xff, 0xc0,
    0x0, 0xf, 0xff, 0x0, 0xf, 0xff, 0x0, 0xf,
    0xff, 0x0, 0xf, 0xff, 0x0, 0xf, 0xff, 0x0,
    0xf, 0xff,

    /* U+003D "=" */
    0xff, 0xff, 0xff, 0xff, 0xff, 0xff, 0xff, 0xff,
    0xff, 0xff, 0xff, 0xff, 0xff, 0xff, 0xff, 0xff,
    0xff, 0xff, 0x0, 0x0, 0x0, 0x0, 0x0, 0x0,
    0x0, 0x0, 0x0, 0x0, 0x0, 0x0, 0x0, 0x0,
    0x0, 0x0, 0x0, 0x0, 0xff, 0xff, 0xff, 0xff,
    0xff, 0xff, 0xff, 0xff, 0xff, 0xff, 0xff, 0xff,
    0xff, 0xff, 0xff, 0xff, 0xff, 0xff,

    /* U+003E ">" */
    0xff, 0xf0, 0x0, 0xff, 0xf0, 0x0, 0xff, 0xf0,
    0x0, 0xff, 0xf0, 0x0, 0xff, 0xf0, 0x0, 0xff,
    0xf0, 0x0, 0x3, 0xff, 0xc0, 0x3, 0xff, 0xc0,
    0x3, 0xff, 0xc0, 0x3, 0xff, 0xc0, 0x3, 0xff,
    0xc0, 0x3, 0xff, 0xc0, 0x0, 0xf, 0xff, 0x0,
    0xf, 0xff, 0x0, 0xf, 0xff, 0x0, 0xf, 0xff,
    0x0, 0xf, 0xff, 0x0, 0xf, 0xff, 0x3, 0xff,
    0xc0, 0x3, 0xff, 0xc0, 0x3, 0xff, 0xc0, 0x3,
    0xff, 0xc0, 0x3, 0xff, 0xc0, 0x3, 0xff, 0xc0,
    0xff, 0xf0, 0x0, 0xff, 0xf0, 0x0, 0xff, 0xf0,
    0x0, 0xff, 0xf0, 0x0, 0xff, 0xf0, 0x0, 0xff,
    0xf0, 0x0,

    /* U+003F "?" */
    0xff, 0xff, 0xff, 0x3, 0xff, 0xff, 0xfc, 0xf,
    0xff, 0xff, 0xf0, 0x3f, 0xff, 0xff, 0xc0, 0xff,
    0xff, 0xff, 0x3, 0xff, 0xff, 0xfc, 0x0, 0x0,
    0x3, 0xff, 0xc0, 0x0, 0xf, 0xff, 0x0, 0x0,
    0x3f, 0xfc, 0x0, 0x0, 0xff, 0xf0, 0x0, 0x3,
    0xff, 0xc0, 0x0, 0xf, 0xff, 0x3, 0xff, 0xff,
    0x0, 0xf, 0xff, 0xfc, 0x0, 0x3f, 0xff, 0xf0,
    0x0, 0xff, 0xff, 0xc0, 0x3, 0xff, 0xff, 0x0,
    0xf, 0xff, 0xfc, 0x0, 0x0, 0x0, 0x0, 0x0,
    0x0, 0x0, 0x0, 0x0, 0x0, 0x0, 0x0, 0x0,
    0x0, 0x0, 0x0, 0x0, 0x0, 0x0, 0x0, 0x0,
    0x0, 0x0, 0x3, 0xff, 0xc0, 0x0, 0xf, 0xff,
    0x0, 0x0, 0x3f, 0xfc, 0x0, 0x0, 0xff, 0xf0,
    0x0, 0x3, 0xff, 0xc0, 0x0, 0xf, 0xff, 0x0,
    0x0,

    /* U+0040 "@" */
    0x3, 0xff, 0xff, 0xfc, 0x0, 0x3f, 0xff, 0xff,
    0xc0, 0x3, 0xff, 0xff, 0xfc, 0x0, 0x3f, 0xff,
    0xff, 0xc0, 0x3, 0xff, 0xff, 0xfc, 0x0, 0x3f,
    0xff, 0xff, 0xc0, 0xff, 0xff, 0xff, 0xff, 0xff,
    0xff, 0xff, 0xff, 0xff, 0xff, 0xff, 0xff, 0xff,
    0xff, 0xff, 0xff, 0xff, 0xff, 0xff, 0xff, 0xff,
    0xff, 0xff, 0xff, 0xff, 0xff, 0xff, 0xff, 0xff,
    0xff, 0xfc, 0xf, 0xff, 0xff, 0xff, 0xc0, 0xff,
    0xff, 0xff, 0xfc, 0xf, 0xff, 0xff, 0xff, 0xc0,
    0xff, 0xff, 0xff, 0xfc, 0xf, 0xff, 0xff, 0xff,
    0xc0, 0xff, 0xf0, 0x0, 0x0, 0xf, 0xff, 0x0,
    0x0, 0x0, 0xff, 0xf0, 0x0, 0x0, 0xf, 0xff,
    0x0, 0x0, 0x0, 0xff, 0xf0, 0x0, 0x0, 0xf,
    0xff, 0x0, 0x0, 0x0, 0x3, 0xff, 0xff, 0xfc,
    0x0, 0x3f, 0xff, 0xff, 0xc0, 0x3, 0xff, 0xff,
    0xfc, 0x0, 0x3f, 0xff, 0xff, 0xc0, 0x3, 0xff,
    0xff, 0xfc, 0x0, 0x3f, 0xff, 0xff, 0xc0,

    /* U+0041 "A" */
    0x3, 0xff, 0xff, 0x0, 0xf, 0xff, 0xfc, 0x0,
    0x3f, 0xff, 0xf0, 0x0, 0xff, 0xff, 0xc0, 0x3,
    0xff, 0xff, 0x0, 0xf, 0xff, 0xfc, 0xf, 0xff,
    0x3, 0xff, 0xff, 0xfc, 0xf, 0xff, 0xff, 0xf0,
    0x3f, 0xff, 0xff, 0xc0, 0xff, 0xff, 0xff, 0x3,
    0xff, 0xff, 0xfc, 0xf, 0xff, 0xff, 0xff, 0xff,
    0xff, 0xff, 0xff, 0xff, 0xff, 0xff, 0xff, 0xff,
    0xff, 0xff, 0xff, 0xff, 0xff, 0xff, 0xff, 0xff,
    0xff, 0xff, 0xff, 0xff, 0xff, 0x3, 0xff, 0xff,
    0xfc, 0xf, 0xff, 0xff, 0xf0, 0x3f, 0xff, 0xff,
    0xc0, 0xff, 0xff, 0xff, 0x3, 0xff, 0xff, 0xfc,
    0xf, 0xff, 0xff, 0xf0, 0x3f, 0xff, 0xff, 0xc0,
    0xff, 0xff, 0xff, 0x3, 0xff, 0xff, 0xfc, 0xf,
    0xff, 0xff, 0xf0, 0x3f, 0xff, 0xff, 0xc0, 0xff,
    0xf0,

    /* U+0042 "B" */
    0xff, 0xff, 0xff, 0x3, 0xff, 0xff, 0xfc, 0xf,
    0xff, 0xff, 0xf0, 0x3f, 0xff, 0xff, 0xc0, 0xff,
    0xff, 0xff, 0x3, 0xff, 0xff, 0xfc, 0xf, 0xff,
    0x3, 0xff, 0xff, 0xfc, 0xf, 0xff, 0xff, 0xf0,
    0x3f, 0xff, 0xff, 0xc0, 0xff, 0xff, 0xff, 0x3,
    0xff, 0xff, 0xfc, 0xf, 0xff, 0xff, 0xff, 0xff,
    0xff, 0xff, 0xff, 0xff, 0xff, 0xff, 0xff, 0xff,
    0xff, 0xff, 0xff, 0xff, 0xff, 0xff, 0xff, 0xff,
    0xff, 0xff, 0xff, 0xff, 0xff, 0x3, 0xff, 0xff,
    0xfc, 0xf, 0xff, 0xff, 0xf0, 0x3f, 0xff, 0xff,
    0xc0, 0xff, 0xff, 0xff, 0x3, 0xff, 0xff, 0xfc,
    0xf, 0xff, 0xff, 0xff, 0xff, 0x3, 0xff, 0xff,
    0xfc, 0xf, 0xff, 0xff, 0xf0, 0x3f, 0xff, 0xff,
    0xc0, 0xff, 0xff, 0xff, 0x3, 0xff, 0xff, 0xfc,
    0x0,

    /* U+0043 "C" */
    0x3, 0xff, 0xff, 0x0, 0xf, 0xff, 0xfc, 0x0,
    0x3f, 0xff, 0xf0, 0x0, 0xff, 0xff, 0xc0, 0x3,
    0xff, 0xff, 0x0, 0xf, 0xff, 0xfc, 0xf, 0xff,
    0x3, 0xff, 0xff, 0xfc, 0xf, 0xff, 0xff, 0xf0,
    0x3f, 0xff, 0xff, 0xc0, 0xff, 0xff, 0xff, 0x3,
    0xff, 0xff, 0xfc, 0xf, 0xff, 0xff, 0xf0, 0x0,
    0x3, 0xff, 0xc0, 0x0, 0xf, 0xff, 0x0, 0x0,
    0x3f, 0xfc, 0x0, 0x0, 0xff, 0xf0, 0x0, 0x3,
    0xff, 0xc0, 0x0, 0xf, 0xff, 0x3, 0xff, 0xff,
    0xfc, 0xf, 0xff, 0xff, 0xf0, 0x3f, 0xff, 0xff,
    0xc0, 0xff, 0xff, 0xff, 0x3, 0xff, 0xff, 0xfc,
    0xf, 0xff, 0x3, 0xff, 0xff, 0x0, 0xf, 0xff,
    0xfc, 0x0, 0x3f, 0xff, 0xf0, 0x0, 0xff, 0xff,
    0xc0, 0x3, 0xff, 0xff, 0x0, 0xf, 0xff, 0xfc,
    0x0,

    /* U+0044 "D" */
    0xff, 0xff, 0xff, 0x3, 0xff, 0xff, 0xfc, 0xf,
    0xff, 0xff, 0xf0, 0x3f, 0xff, 0xff, 0xc0, 0xff,
    0xff, 0xff, 0x3, 0xff, 0xff, 0xfc, 0xf, 0xff,
    0x3, 0xff, 0xff, 0xfc, 0xf, 0xff, 0xff, 0xf0,
    0x3f, 0xff, 0xff, 0xc0, 0xff, 0xff, 0xff, 0x3,
    0xff, 0xff, 0xfc, 0xf, 0xff, 0xff, 0xf0, 0x3f,
    0xff, 0xff, 0xc0, 0xff, 0xff, 0xff, 0x3, 0xff,
    0xff, 0xfc, 0xf, 0xff, 0xff, 0xf0, 0x3f, 0xff,
    0xff, 0xc0, 0xff, 0xff, 0xff, 0x3, 0xff, 0xff,
    0xfc, 0xf, 0xff, 0xff, 0xf0, 0x3f, 0xff, 0xff,
    0xc0, 0xff, 0xff, 0xff, 0x3, 0xff, 0xff, 0xfc,
    0xf, 0xff, 0xff, 0xff, 0xff, 0x3, 0xff, 0xff,
    0xfc, 0xf, 0xff, 0xff, 0xf0, 0x3f, 0xff, 0xff,
    0xc0, 0xff, 0xff, 0xff, 0x3, 0xff, 0xff, 0xfc,
    0x0,

    /* U+0045 "E" */
    0xff, 0xff, 0xff, 0xff, 0xff, 0xff, 0xff, 0xff,
    0xff, 0xff, 0xff, 0xff, 0xff, 0xff, 0xff, 0xff,
    0xff, 0xff, 0xff, 0xf0, 0x0, 0xff, 0xf0, 0x0,
    0xff, 0xf0, 0x0, 0xff, 0xf0, 0x0, 0xff, 0xf0,
    0x0, 0xff, 0xf0, 0x0, 0xff, 0xff, 0xff, 0xff,
    0xff, 0xff, 0xff, 0xff, 0xff, 0xff, 0xff, 0xff,
    0xff, 0xff, 0xff, 0xff, 0xff, 0xff, 0xff, 0xf0,
    0x0, 0xff, 0xf0, 0x0, 0xff, 0xf0, 0x0, 0xff,
    0xf0, 0x0, 0xff, 0xf0, 0x0, 0xff, 0xf0, 0x0,
    0xff, 0xff, 0xff, 0xff, 0xff, 0xff, 0xff, 0xff,
    0xff, 0xff, 0xff, 0xff, 0xff, 0xff, 0xff, 0xff,
    0xff, 0xff,

    /* U+0046 "F" */
    0xff, 0xff, 0xff, 0xff, 0xff, 0xff, 0xff, 0xff,
    0xff, 0xff, 0xff, 0xff, 0xff, 0xff, 0xff, 0xff,
    0xff, 0xff, 0xff, 0xf0, 0x0, 0xff, 0xf0, 0x0,
    0xff, 0xf0, 0x0, 0xff, 0xf0, 0x0, 0xff, 0xf0,
    0x0, 0xff, 0xf0, 0x0, 0xff, 0xff, 0xff, 0xff,
    0xff, 0xff, 0xff, 0xff, 0xff, 0xff, 0xff, 0xff,
    0xff, 0xff, 0xff, 0xff, 0xff, 0xff, 0xff, 0xf0,
    0x0, 0xff, 0xf0, 0x0, 0xff, 0xf0, 0x0, 0xff,
    0xf0, 0x0, 0xff, 0xf0, 0x0, 0xff, 0xf0, 0x0,
    0xff, 0xf0, 0x0, 0xff, 0xf0, 0x0, 0xff, 0xf0,
    0x0, 0xff, 0xf0, 0x0, 0xff, 0xf0, 0x0, 0xff,
    0xf0, 0x0,

    /* U+0047 "G" */
    0x3, 0xff, 0xff, 0xfc, 0xf, 0xff, 0xff, 0xf0,
    0x3f, 0xff, 0xff, 0xc0, 0xff, 0xff, 0xff, 0x3,
    0xff, 0xff, 0xfc, 0xf, 0xff, 0xff, 0xff, 0xff,
    0x0, 0x0, 0x3f, 0xfc, 0x0, 0x0, 0xff, 0xf0,
    0x0, 0x3, 0xff, 0xc0, 0x0, 0xf, 0xff, 0x0,
    0x0, 0x3f, 0xfc, 0x0, 0x0, 0xff, 0xf0, 0x3f,
    0xff, 0xff, 0xc0, 0xff, 0xff, 0xff, 0x3, 0xff,
    0xff, 0xfc, 0xf, 0xff, 0xff, 0xf0, 0x3f, 0xff,
    0xff, 0xc0, 0xff, 0xff, 0xff, 0x3, 0xff, 0xff,
    0xfc, 0xf, 0xff, 0xff, 0xf0, 0x3f, 0xff, 0xff,
    0xc0, 0xff, 0xff, 0xff, 0x3, 0xff, 0xff, 0xfc,
    0xf, 0xff, 0x3, 0xff, 0xff, 0x0, 0xf, 0xff,
    0xfc, 0x0, 0x3f, 0xff, 0xf0, 0x0, 0xff, 0xff,
    0xc0, 0x3, 0xff, 0xff, 0x0, 0xf, 0xff, 0xfc,
    0x0,

    /* U+0048 "H" */
    0xff, 0xf0, 0x3f, 0xff, 0xff, 0xc0, 0xff, 0xff,
    0xff, 0x3, 0xff, 0xff, 0xfc, 0xf, 0xff, 0xff,
    0xf0, 0x3f, 0xff, 0xff, 0xc0, 0xff, 0xff, 0xff,
    0x3, 0xff, 0xff, 0xfc, 0xf, 0xff, 0xff, 0xf0,
    0x3f, 0xff, 0xff, 0xc0, 0xff, 0xff, 0xff, 0x3,
    0xff, 0xff, 0xfc, 0xf, 0xff, 0xff, 0xff, 0xff,
    0xff, 0xff, 0xff, 0xff, 0xff, 0xff, 0xff, 0xff,
    0xff, 0xff, 0xff, 0xff, 0xff, 0xff, 0xff, 0xff,
    0xff, 0xff, 0xff, 0xff, 0xff, 0x3, 0xff, 0xff,
    0xfc, 0xf, 0xff, 0xff, 0xf0, 0x3f, 0xff, 0xff,
    0xc0, 0xff, 0xff, 0xff, 0x3, 0xff, 0xff, 0xfc,
    0xf, 0xff, 0xff, 0xf0, 0x3f, 0xff, 0xff, 0xc0,
    0xff, 0xff, 0xff, 0x3, 0xff, 0xff, 0xfc, 0xf,
    0xff, 0xff, 0xf0, 0x3f, 0xff, 0xff, 0xc0, 0xff,
    0xf0,

    /* U+0049 "I" */
    0xff, 0xff, 0xff, 0xff, 0xff, 0xff, 0xff, 0xff,
    0xff, 0xff, 0xff, 0xff, 0xff, 0xff, 0xff, 0xff,
    0xff, 0xff, 0xff, 0xff, 0xff, 0xff, 0xff, 0xff,
    0xff, 0xff, 0xff, 0xff, 0xff, 0xff, 0xff, 0xff,
    0xff, 0xff, 0xff, 0xff, 0xff, 0xff, 0xff, 0xff,
    0xff, 0xff, 0xff, 0xff, 0xff,

    /* U+004A "J" */
    0x0, 0x0, 0x3f, 0xfc, 0x0, 0x0, 0xff, 0xf0,
    0x0, 0x3, 0xff, 0xc0, 0x0, 0xf, 0xff, 0x0,
    0x0, 0x3f, 0xfc, 0x0, 0x0, 0xff, 0xf0, 0x0,
    0x3, 0xff, 0xc0, 0x0, 0xf, 0xff, 0x0, 0x0,
    0x3f, 0xfc, 0x0, 0x0, 0xff, 0xf0, 0x0, 0x3,
    0xff, 0xc0, 0x0, 0xf, 0xff, 0x0, 0x0, 0x3f,
    0xfc, 0x0, 0x0, 0xff, 0xf0, 0x0, 0x3, 0xff,
    0xc0, 0x0, 0xf, 0xff, 0x0, 0x0, 0x3f, 0xfc,
    0x0, 0x0, 0xff, 0xff, 0xff, 0x3, 0xff, 0xff,
    0xfc, 0xf, 0xff, 0xff, 0xf0, 0x3f, 0xff, 0xff,
    0xc0, 0xff, 0xff, 0xff, 0x3, 0xff, 0xff, 0xfc,
    0xf, 0xff, 0x3, 0xff, 0xff, 0x0, 0xf, 0xff,
    0xfc, 0x0, 0x3f, 0xff, 0xf0, 0x0, 0xff, 0xff,
    0xc0, 0x3, 0xff, 0xff, 0x0, 0xf, 0xff, 0xfc,
    0x0,

    /* U+004B "K" */
    0xff, 0xf0, 0x3f, 0xff, 0xff, 0xc0, 0xff, 0xff,
    0xff, 0x3, 0xff, 0xff, 0xfc, 0xf, 0xff, 0xff,
    0xf0, 0x3f, 0xff, 0xff, 0xc0, 0xff, 0xff, 0xff,
    0xff, 0xf0, 0x3f, 0xff, 0xff, 0xc0, 0xff, 0xff,
    0xff, 0x3, 0xff, 0xff, 0xfc, 0xf, 0xff, 0xff,
    0xf0, 0x3f, 0xff, 0xff, 0xc0, 0xff, 0xff, 0xc0,
    0x3, 0xff, 0xff, 0x0, 0xf, 0xff, 0xfc, 0x0,
    0x3f, 0xff, 0xf0, 0x0, 0xff, 0xff, 0xc0, 0x3,
    0xff, 0xff, 0x0, 0xf, 0xff, 0xff, 0xf0, 0x3f,
    0xff, 0xff, 0xc0, 0xff, 0xff, 0xff, 0x3, 0xff,
    0xff, 0xfc, 0xf, 0xff, 0xff, 0xf0, 0x3f, 0xff,
    0xff, 0xc0, 0xff, 0xf0, 0x3f, 0xff, 0xff, 0xc0,
    0xff, 0xff, 0xff, 0x3, 0xff, 0xff, 0xfc, 0xf,
    0xff, 0xff, 0xf0, 0x3f, 0xff, 0xff, 0xc0, 0xff,
    0xf0,

    /* U+004C "L" */
    0xff, 0xf0, 0x0, 0xff, 0xf0, 0x0, 0xff, 0xf0,
    0x0, 0xff, 0xf0, 0x0, 0xff, 0xf0, 0x0, 0xff,
    0xf0, 0x0, 0xff, 0xf0, 0x0, 0xff, 0xf0, 0x0,
    0xff, 0xf0, 0x0, 0xff, 0xf0, 0x0, 0xff, 0xf0,
    0x0, 0xff, 0xf0, 0x0, 0xff, 0xf0, 0x0, 0xff,
    0xf0, 0x0, 0xff, 0xf0, 0x0, 0xff, 0xf0, 0x0,
    0xff, 0xf0, 0x0, 0xff, 0xf0, 0x0, 0xff, 0xf0,
    0x0, 0xff, 0xf0, 0x0, 0xff, 0xf0, 0x0, 0xff,
    0xf0, 0x0, 0xff, 0xf0, 0x0, 0xff, 0xf0, 0x0,
    0xff, 0xff, 0xff, 0xff, 0xff, 0xff, 0xff, 0xff,
    0xff, 0xff, 0xff, 0xff, 0xff, 0xff, 0xff, 0xff,
    0xff, 0xff,

    /* U+004D "M" */
    0xff, 0xf0, 0x0, 0xff, 0xff, 0xff, 0x0, 0xf,
    0xff, 0xff, 0xf0, 0x0, 0xff, 0xff, 0xff, 0x0,
    0xf, 0xff, 0xff, 0xf0, 0x0, 0xff, 0xff, 0xff,
    0x0, 0xf, 0xff, 0xff, 0xff, 0xff, 0xff, 0xff,
    0xff, 0xff, 0xff, 0xff, 0xff, 0xff, 0xff, 0xff,
    0xff, 0xff, 0xff, 0xff, 0xff, 0xff, 0xff, 0xff,
    0xff, 0xff, 0xff, 0xff, 0xff, 0xff, 0xff, 0xff,
    0xff, 0xff, 0xff, 0xff, 0xff, 0xff, 0xff, 0xff,
    0xff, 0xff, 0xff, 0xff, 0xff, 0xff, 0xff, 0xff,
    0xff, 0xff, 0xff, 0xff, 0xff, 0xff, 0xff, 0xff,
    0xff, 0xff, 0xf0, 0x0, 0xff, 0xff, 0xff, 0x0,
    0xf, 0xff, 0xff, 0xf0, 0x0, 0xff, 0xff, 0xff,
    0x0, 0xf, 0xff, 0xff, 0xf0, 0x0, 0xff, 0xff,
    0xff, 0x0, 0xf, 0xff, 0xff, 0xf0, 0x0, 0xff,
    0xff, 0xff, 0x0, 0xf, 0xff, 0xff, 0xf0, 0x0,
    0xff, 0xff, 0xff, 0x0, 0xf, 0xff, 0xff, 0xf0,
    0x0, 0xff, 0xff, 0xff, 0x0, 0xf, 0xff,

    /* U+004E "N" */
    0xff, 0xf0, 0x0, 0xff, 0xff, 0xff, 0x0, 0xf,
    0xff, 0xff, 0xf0, 0x0, 0xff, 0xff, 0xff, 0x0,
    0xf, 0xff, 0xff, 0xf0, 0x0, 0xff, 0xff, 0xff,
    0x0, 0xf, 0xff, 0xff, 0xff, 0xc0, 0xff, 0xff,
    0xff, 0xfc, 0xf, 0xff, 0xff, 0xff, 0xc0, 0xff,
    0xff, 0xff, 0xfc, 0xf, 0xff, 0xff, 0xff, 0xc0,
    0xff, 0xff, 0xff, 0xfc, 0xf, 0xff, 0xff, 0xff,
    0xff, 0xff, 0xff, 0xff, 0xff, 0xff, 0xff, 0xff,
    0xff, 0xff, 0xff, 0xff, 0xff, 0xff, 0xff, 0xff,
    0xff, 0xff, 0xff, 0xff, 0xff, 0xff, 0xff, 0xff,
    0xff, 0xff, 0xf0, 0x3f, 0xff, 0xff, 0xff, 0x3,
    0xff, 0xff, 0xff, 0xf0, 0x3f, 0xff, 0xff, 0xff,
    0x3, 0xff, 0xff, 0xff, 0xf0, 0x3f, 0xff, 0xff,
    0xff, 0x3, 0xff, 0xff, 0xff, 0xf0, 0x0, 0xff,
    0xff, 0xff, 0x0, 0xf, 0xff, 0xff, 0xf0, 0x0,
    0xff, 0xff, 0xff, 0x0, 0xf, 0xff, 0xff, 0xf0,
    0x0, 0xff, 0xff, 0xff, 0x0, 0xf, 0xff,

    /* U+004F "O" */
    0x3, 0xff, 0xff, 0x0, 0xf, 0xff, 0xfc, 0x0,
    0x3f, 0xff, 0xf0, 0x0, 0xff, 0xff, 0xc0, 0x3,
    0xff, 0xff, 0x0, 0xf, 0xff, 0xfc, 0xf, 0xff,
    0x3, 0xff, 0xff, 0xfc, 0xf, 0xff, 0xff, 0xf0,
    0x3f, 0xff, 0xff, 0xc0, 0xff, 0xff, 0xff, 0x3,
    0xff, 0xff, 0xfc, 0xf, 0xff, 0xff, 0xf0, 0x3f,
    0xff, 0xff, 0xc0, 0xff, 0xff, 0xff, 0x3, 0xff,
    0xff, 0xfc, 0xf, 0xff, 0xff, 0xf0, 0x3f, 0xff,
    0xff, 0xc0, 0xff, 0xff, 0xff, 0x3, 0xff, 0xff,
    0xfc, 0xf, 0xff, 0xff, 0xf0, 0x3f, 0xff, 0xff,
    0xc0, 0xff, 0xff, 0xff, 0x3, 0xff, 0xff, 0xfc,
    0xf, 0xff, 0x3, 0xff, 0xff, 0x0, 0xf, 0xff,
    0xfc, 0x0, 0x3f, 0xff, 0xf0, 0x0, 0xff, 0xff,
    0xc0, 0x3, 0xff, 0xff, 0x0, 0xf, 0xff, 0xfc,
    0x0,

    /* U+0050 "P" */
    0xff, 0xff, 0xff, 0x3, 0xff, 0xff, 0xfc, 0xf,
    0xff, 0xff, 0xf0, 0x3f, 0xff, 0xff, 0xc0, 0xff,
    0xff, 0xff, 0x3, 0xff, 0xff, 0xfc, 0xf, 0xff,
    0x3, 0xff, 0xff, 0xfc, 0xf, 0xff, 0xff, 0xf0,
    0x3f, 0xff, 0xff, 0xc0, 0xff, 0xff, 0xff, 0x3,
    0xff, 0xff, 0xfc, 0xf, 0xff, 0xff, 0xff, 0xff,
    0x3, 0xff, 0xff, 0xfc, 0xf, 0xff, 0xff, 0xf0,
    0x3f, 0xff, 0xff, 0xc0, 0xff, 0xff, 0xff, 0x3,
    0xff, 0xff, 0xfc, 0xf, 0xff, 0x0, 0x0, 0x3f,
    0xfc, 0x0, 0x0, 0xff, 0xf0, 0x0, 0x3, 0xff,
    0xc0, 0x0, 0xf, 0xff, 0x0, 0x0, 0x3f, 0xfc,
    0x0, 0x0, 0xff, 0xf0, 0x0, 0x3, 0xff, 0xc0,
    0x0, 0xf, 0xff, 0x0, 0x0, 0x3f, 0xfc, 0x0,
    0x0, 0xff, 0xf0, 0x0, 0x3, 0xff, 0xc0, 0x0,
    0x0,

    /* U+0051 "Q" */
    0x3, 0xff, 0xff, 0x0, 0xf, 0xff, 0xfc, 0x0,
    0x3f, 0xff, 0xf0, 0x0, 0xff, 0xff, 0xc0, 0x3,
    0xff, 0xff, 0x0, 0xf, 0xff, 0xfc, 0xf, 0xff,
    0x3, 0xff, 0xff, 0xfc, 0xf, 0xff, 0xff, 0xf0,
    0x3f, 0xff, 0xff, 0xc0, 0xff, 0xff, 0xff, 0x3,
    0xff, 0xff, 0xfc, 0xf, 0xff, 0xff, 0xf0, 0x3f,
    0xff, 0xff, 0xc0, 0xff, 0xff, 0xff, 0x3, 0xff,
    0xff, 0xfc, 0xf, 0xff, 0xff, 0xf0, 0x3f, 0xff,
    0xff, 0xc0, 0xff, 0xff, 0xff, 0x3, 0xff, 0xff,
    0xfc, 0xf, 0xff, 0xff, 0xf0, 0x3f, 0xff, 0xff,
    0xc0, 0xff, 0xff, 0xff, 0x3, 0xff, 0xff, 0xfc,
    0xf, 0xff, 0x3, 0xff, 0xff, 0x0, 0xf, 0xff,
    0xfc, 0x0, 0x3f, 0xff, 0xf0, 0x0, 0xff, 0xff,
    0xc0, 0x3, 0xff, 0xff, 0x0, 0xf, 0xff, 0xfc,
    0x0, 0x0, 0x3, 0xff, 0xc0, 0x0, 0xf, 0xff,
    0x0, 0x0, 0x3f, 0xfc, 0x0, 0x0, 0xff, 0xf0,
    0x0, 0x3, 0xff, 0xc0, 0x0, 0xf, 0xff,

    /* U+0052 "R" */
    0xff, 0xff, 0xff, 0x3, 0xff, 0xff, 0xfc, 0xf,
    0xff, 0xff, 0xf0, 0x3f, 0xff, 0xff, 0xc0, 0xff,
    0xff, 0xff, 0x3, 0xff, 0xff, 0xfc, 0xf, 0xff,
    0x3, 0xff, 0xff, 0xfc, 0xf, 0xff, 0xff, 0xf0,
    0x3f, 0xff, 0xff, 0xc0, 0xff, 0xff, 0xff, 0x3,
    0xff, 0xff, 0xfc, 0xf, 0xff, 0xff, 0xff, 0xff,
    0x3, 0xff, 0xff, 0xfc, 0xf, 0xff, 0xff, 0xf0,
    0x3f, 0xff, 0xff, 0xc0, 0xff, 0xff, 0xff, 0x3,
    0xff, 0xff, 0xfc, 0xf, 0xff, 0xff, 0xf0, 0x3f,
    0xff, 0xff, 0xc0, 0xff, 0xff, 0xff, 0x3, 0xff,
    0xff, 0xfc, 0xf, 0xff, 0xff, 0xf0, 0x3f, 0xff,
    0xff, 0xc0, 0xff, 0xf0, 0x3f, 0xff, 0xff, 0xc0,
    0xff, 0xff, 0xff, 0x3, 0xff, 0xff, 0xfc, 0xf,
    0xff, 0xff, 0xf0, 0x3f, 0xff, 0xff, 0xc0, 0xff,
    0xf0,

    /* U+0053 "S" */
    0x3, 0xff, 0xff, 0xfc, 0xf, 0xff, 0xff, 0xf0,
    0x3f, 0xff, 0xff, 0xc0, 0xff, 0xff, 0xff, 0x3,
    0xff, 0xff, 0xfc, 0xf, 0xff, 0xff, 0xff, 0xff,
    0x0, 0x0, 0x3f, 0xfc, 0x0, 0x0, 0xff, 0xf0,
    0x0, 0x3, 0xff, 0xc0, 0x0, 0xf, 0xff, 0x0,
    0x0, 0x3f, 0xfc, 0x0, 0x0, 0x3, 0xff, 0xff,
    0x0, 0xf, 0xff, 0xfc, 0x0, 0x3f, 0xff, 0xf0,
    0x0, 0xff, 0xff, 0xc0, 0x3, 0xff, 0xff, 0x0,
    0xf, 0xff, 0xfc, 0x0, 0x0, 0x3, 0xff, 0xc0,
    0x0, 0xf, 0xff, 0x0, 0x0, 0x3f, 0xfc, 0x0,
    0x0, 0xff, 0xf0, 0x0, 0x3, 0xff, 0xc0, 0x0,
    0xf, 0xff, 0xff, 0xff, 0xff, 0x3, 0xff, 0xff,
    0xfc, 0xf, 0xff, 0xff, 0xf0, 0x3f, 0xff, 0xff,
    0xc0, 0xff, 0xff, 0xff, 0x3, 0xff, 0xff, 0xfc,
    0x0,

    /* U+0054 "T" */
    0xff, 0xff, 0xff, 0xff, 0xff, 0xff, 0xff, 0xff,
    0xff, 0xff, 0xff, 0xff, 0xff, 0xff, 0xff, 0xff,
    0xff, 0xff, 0x3, 0xff, 0xc0, 0x3, 0xff, 0xc0,
    0x3, 0xff, 0xc0, 0x3, 0xff, 0xc0, 0x3, 0xff,
    0xc0, 0x3, 0xff, 0xc0, 0x3, 0xff, 0xc0, 0x3,
    0xff, 0xc0, 0x3, 0xff, 0xc0, 0x3, 0xff, 0xc0,
    0x3, 0xff, 0xc0, 0x3, 0xff, 0xc0, 0x3, 0xff,
    0xc0, 0x3, 0xff, 0xc0, 0x3, 0xff, 0xc0, 0x3,
    0xff, 0xc0, 0x3, 0xff, 0xc0, 0x3, 0xff, 0xc0,
    0x3, 0xff, 0xc0, 0x3, 0xff, 0xc0, 0x3, 0xff,
    0xc0, 0x3, 0xff, 0xc0, 0x3, 0xff, 0xc0, 0x3,
    0xff, 0xc0,

    /* U+0055 "U" */
    0xff, 0xf0, 0x3f, 0xff, 0xff, 0xc0, 0xff, 0xff,
    0xff, 0x3, 0xff, 0xff, 0xfc, 0xf, 0xff, 0xff,
    0xf0, 0x3f, 0xff, 0xff, 0xc0, 0xff, 0xff, 0xff,
    0x3, 0xff, 0xff, 0xfc, 0xf, 0xff, 0xff, 0xf0,
    0x3f, 0xff, 0xff, 0xc0, 0xff, 0xff, 0xff, 0x3,
    0xff, 0xff, 0xfc, 0xf, 0xff, 0xff, 0xf0, 0x3f,
    0xff, 0xff, 0xc0, 0xff, 0xff, 0xff, 0x3, 0xff,
    0xff, 0xfc, 0xf, 0xff, 0xff, 0xf0, 0x3f, 0xff,
    0xff, 0xc0, 0xff, 0xff, 0xff, 0x3, 0xff, 0xff,
    0xfc, 0xf, 0xff, 0xff, 0xf0, 0x3f, 0xff, 0xff,
    0xc0, 0xff, 0xff, 0xff, 0x3, 0xff, 0xff, 0xfc,
    0xf, 0xff, 0x3, 0xff, 0xff, 0x0, 0xf, 0xff,
    0xfc, 0x0, 0x3f, 0xff, 0xf0, 0x0, 0xff, 0xff,
    0xc0, 0x3, 0xff, 0xff, 0x0, 0xf, 0xff, 0xfc,
    0x0,

    /* U+0056 "V" */
    0xff, 0xf0, 0x0, 0xff, 0xff, 0xff, 0x0, 0xf,
    0xff, 0xff, 0xf0, 0x0, 0xff, 0xff, 0xff, 0x0,
    0xf, 0xff, 0xff, 0xf0, 0x0, 0xff, 0xff, 0xff,
    0x0, 0xf, 0xff, 0xff, 0xf0, 0x0, 0xff, 0xff,
    0xff, 0x0, 0xf, 0xff, 0xff, 0xf0, 0x0, 0xff,
    0xff, 0xff, 0x0, 0xf, 0xff, 0xff, 0xf0, 0x0,
    0xff, 0xff, 0xff, 0x0, 0xf, 0xff, 0x3, 0xff,
    0xff, 0xfc, 0x0, 0x3f, 0xff, 0xff, 0xc0, 0x3,
    0xff, 0xff, 0xfc, 0x0, 0x3f, 0xff, 0xff, 0xc0,
    0x3, 0xff, 0xff, 0xfc, 0x0, 0x3f, 0xff, 0xff,
    0xc0, 0x3, 0xff, 0xff, 0xfc, 0x0, 0x3f, 0xff,
    0xff, 0xc0, 0x3, 0xff, 0xff, 0xfc, 0x0, 0x3f,
    0xff, 0xff, 0xc0, 0x3, 0xff, 0xff, 0xfc, 0x0,
    0x3f, 0xff, 0xff, 0xc0, 0x0, 0xf, 0xff, 0x0,
    0x0, 0x0, 0xff, 0xf0, 0x0, 0x0, 0xf, 0xff,
    0x0, 0x0, 0x0, 0xff, 0xf0, 0x0, 0x0, 0xf,
    0xff, 0x0, 0x0, 0x0, 0xff, 0xf0, 0x0,

    /* U+0057 "W" */
    0xff, 0xf0, 0x0, 0xff, 0xff, 0xff, 0x0, 0xf,
    0xff, 0xff, 0xf0, 0x0, 0xff, 0xff, 0xff, 0x0,
    0xf, 0xff, 0xff, 0xf0, 0x0, 0xff, 0xff, 0xff,
    0x0, 0xf, 0xff, 0xff, 0xff, 0xff, 0xff, 0xff,
    0xff, 0xff, 0xff, 0xff, 0xff, 0xff, 0xff, 0xff,
    0xff, 0xff, 0xff, 0xff, 0xff, 0xff, 0xff, 0xff,
    0xff, 0xff, 0xff, 0xff, 0xff, 0xff, 0xff, 0xff,
    0xff, 0xff, 0xff, 0xff, 0xff, 0xff, 0xff, 0xff,
    0xff, 0xff, 0xff, 0xff, 0xff, 0xff, 0xff, 0xff,
    0xff, 0xff, 0xff, 0xff, 0xff, 0xff, 0xff, 0xff,
    0xff, 0xff, 0xff, 0xff, 0xff, 0xff, 0xff, 0xff,
    0xff, 0xff, 0xff, 0xff, 0xff, 0xff, 0xff, 0xff,
    0xff, 0xff, 0xff, 0xff, 0xff, 0xff, 0xff, 0xff,
    0xff, 0xff, 0xff, 0xff, 0x3, 0xff, 0xff, 0xfc,
    0x0, 0x3f, 0xff, 0xff, 0xc0, 0x3, 0xff, 0xff,
    0xfc, 0x0, 0x3f, 0xff, 0xff, 0xc0, 0x3, 0xff,
    0xff, 0xfc, 0x0, 0x3f, 0xff, 0xff, 0xc0,

    /* U+0058 "X" */
    0xff, 0xf0, 0x0, 0xff, 0xff, 0xff, 0x0, 0xf,
    0xff, 0xff, 0xf0, 0x0, 0xff, 0xff, 0xff, 0x0,
    0xf, 0xff, 0xff, 0xf0, 0x0, 0xff, 0xff, 0xff,
    0x0, 0xf, 0xff, 0x3, 0xff, 0xff, 0xfc, 0x0,
    0x3f, 0xff, 0xff, 0xc0, 0x3, 0xff, 0xff, 0xfc,
    0x0, 0x3f, 0xff, 0xff, 0xc0, 0x3, 0xff, 0xff,
    0xfc, 0x0, 0x3f, 0xff, 0xff, 0xc0, 0x0, 0xf,
    0xff, 0x0, 0x0, 0x0, 0xff, 0xf0, 0x0, 0x0,
    0xf, 0xff, 0x0, 0x0, 0x0, 0xff, 0xf0, 0x0,
    0x0, 0xf, 0xff, 0x0, 0x0, 0x0, 0xff, 0xf0,
    0x0, 0x3, 0xff, 0xff, 0xfc, 0x0, 0x3f, 0xff,
    0xff, 0xc0, 0x3, 0xff, 0xff, 0xfc, 0x0, 0x3f,
    0xff, 0xff, 0xc0, 0x3, 0xff, 0xff, 0xfc, 0x0,
    0x3f, 0xff, 0xff, 0xc0, 0xff, 0xf0, 0x0, 0xff,
    0xff, 0xff, 0x0, 0xf, 0xff, 0xff, 0xf0, 0x0,
    0xff, 0xff, 0xff, 0x0, 0xf, 0xff, 0xff, 0xf0,
    0x0, 0xff, 0xff, 0xff, 0x0, 0xf, 0xff,

    /* U+0059 "Y" */
    0xff, 0xf0, 0x0, 0xff, 0xff, 0xff, 0x0, 0xf,
    0xff, 0xff, 0xf0, 0x0, 0xff, 0xff, 0xff, 0x0,
    0xf, 0xff, 0xff, 0xf0, 0x0, 0xff, 0xff, 0xff,
    0x0, 0xf, 0xff, 0x3, 0xff, 0xff, 0xfc, 0x0,
    0x3f, 0xff, 0xff, 0xc0, 0x3, 0xff, 0xff, 0xfc,
    0x0, 0x3f, 0xff, 0xff, 0xc0, 0x3, 0xff, 0xff,
    0xfc, 0x0, 0x3f, 0xff, 0xff, 0xc0, 0x0, 0xf,
    0xff, 0x0, 0x0, 0x0, 0xff, 0xf0, 0x0, 0x0,
    0xf, 0xff, 0x0, 0x0, 0x0, 0xff, 0xf0, 0x0,
    0x0, 0xf, 0xff, 0x0, 0x0, 0x0, 0xff, 0xf0,
    0x0, 0x0, 0xf, 0xff, 0x0, 0x0, 0x0, 0xff,
    0xf0, 0x0, 0x0, 0xf, 0xff, 0x0, 0x0, 0x0,
    0xff, 0xf0, 0x0, 0x0, 0xf, 0xff, 0x0, 0x0,
    0x0, 0xff, 0xf0, 0x0, 0x0, 0xf, 0xff, 0x0,
    0x0, 0x0, 0xff, 0xf0, 0x0, 0x0, 0xf, 0xff,
    0x0, 0x0, 0x0, 0xff, 0xf0, 0x0, 0x0, 0xf,
    0xff, 0x0, 0x0, 0x0, 0xff, 0xf0, 0x0,

    /* U+005A "Z" */
    0xff, 0xff, 0xff, 0xff, 0xff, 0xff, 0xff, 0xff,
    0xff, 0xff, 0xff, 0xff, 0xff, 0xff, 0xff, 0xff,
    0xff, 0xff, 0x0, 0xf, 0xff, 0x0, 0xf, 0xff,
    0x0, 0xf, 0xff, 0x0, 0xf, 0xff, 0x0, 0xf,
    0xff, 0x0, 0xf, 0xff, 0x3, 0xff, 0xc0, 0x3,
    0xff, 0xc0, 0x3, 0xff, 0xc0, 0x3, 0xff, 0xc0,
    0x3, 0xff, 0xc0, 0x3, 0xff, 0xc0, 0xff, 0xf0,
    0x0, 0xff, 0xf0, 0x0, 0xff, 0xf0, 0x0, 0xff,
    0xf0, 0x0, 0xff, 0xf0, 0x0, 0xff, 0xf0, 0x0,
    0xff, 0xff, 0xff, 0xff, 0xff, 0xff, 0xff, 0xff,
    0xff, 0xff, 0xff, 0xff, 0xff, 0xff, 0xff, 0xff,
    0xff, 0xff,

    /* U+005B "[" */
    0xff, 0xff, 0xff, 0xff, 0xff, 0xff, 0xff, 0xff,
    0xff, 0xff, 0xff, 0xff, 0xff, 0xff, 0xff, 0x3,
    0xff, 0xc0, 0xff, 0xf0, 0x3f, 0xfc, 0xf, 0xff,
    0x3, 0xff, 0xc0, 0xff, 0xf0, 0x3f, 0xfc, 0xf,
    0xff, 0x3, 0xff, 0xc0, 0xff, 0xf0, 0x3f, 0xfc,
    0xf, 0xff, 0x3, 0xff, 0xc0, 0xff, 0xf0, 0x3f,
    0xfc, 0xf, 0xff, 0x3, 0xff, 0xc0, 0xff, 0xff,
    0xff, 0xff, 0xff, 0xff, 0xff, 0xff, 0xff, 0xff,
    0xff, 0xff, 0xff, 0xf0,

    /* U+005C "\\" */
    0xff, 0xf0, 0x0, 0xff, 0xf0, 0x0, 0xff, 0xf0,
    0x0, 0xff, 0xf0, 0x0, 0xff, 0xf0, 0x0, 0xff,
    0xf0, 0x0, 0xff, 0xf0, 0x0, 0xff, 0xf0, 0x0,
    0xff, 0xf0, 0x0, 0xff, 0xf0, 0x0, 0xff, 0xf0,
    0x0, 0xff, 0xf0, 0x0, 0x3, 0xff, 0xc0, 0x3,
    0xff, 0xc0, 0x3, 0xff, 0xc0, 0x3, 0xff, 0xc0,
    0x3, 0xff, 0xc0, 0x3, 0xff, 0xc0, 0x0, 0xf,
    0xff, 0x0, 0xf, 0xff, 0x0, 0xf, 0xff, 0x0,
    0xf, 0xff, 0x0, 0xf, 0xff, 0x0, 0xf, 0xff,
    0x0, 0xf, 0xff, 0x0, 0xf, 0xff, 0x0, 0xf,
    0xff, 0x0, 0xf, 0xff, 0x0, 0xf, 0xff, 0x0,
    0xf, 0xff,

    /* U+005D "]" */
    0xff, 0xff, 0xff, 0xff, 0xff, 0xff, 0xff, 0xff,
    0xff, 0xff, 0xff, 0xff, 0xff, 0xf0, 0x3f, 0xfc,
    0xf, 0xff, 0x3, 0xff, 0xc0, 0xff, 0xf0, 0x3f,
    0xfc, 0xf, 0xff, 0x3, 0xff, 0xc0, 0xff, 0xf0,
    0x3f, 0xfc, 0xf, 0xff, 0x3, 0xff, 0xc0, 0xff,
    0xf0, 0x3f, 0xfc, 0xf, 0xff, 0x3, 0xff, 0xc0,
    0xff, 0xf0, 0x3f, 0xfc, 0xf, 0xff, 0xff, 0xff,
    0xff, 0xff, 0xff, 0xff, 0xff, 0xff, 0xff, 0xff,
    0xff, 0xff, 0xff, 0xf0,

    /* U+005E "^" */
    0x3, 0xff, 0xc0, 0x3, 0xff, 0xc0, 0x3, 0xff,
    0xc0, 0x3, 0xff, 0xc0, 0x3, 0xff, 0xc0, 0x3,
    0xff, 0xc0, 0xff, 0xff, 0xff, 0xff, 0xff, 0xff,
    0xff, 0xff, 0xff, 0xff, 0xff, 0xff, 0xff, 0xff,
    0xff, 0xff, 0xff, 0xff,

    /* U+005F "_" */
    0xff, 0xff, 0xff, 0xff, 0xff, 0xff, 0xff, 0xff,
    0xff, 0xff, 0xff, 0xff, 0xff, 0xff, 0xff, 0xff,
    0xff, 0xff, 0xff, 0xff, 0xff, 0xff, 0xf0,

    /* U+0060 "`" */
    0xff, 0xf0, 0x3f, 0xfc, 0xf, 0xff, 0x3, 0xff,
    0xc0, 0xff, 0xf0, 0x3f, 0xfc, 0x0, 0x3f, 0xfc,
    0xf, 0xff, 0x3, 0xff, 0xc0, 0xff, 0xf0, 0x3f,
    0xfc, 0xf, 0xff,

    /* U+0061 "a" */
    0x3, 0xff, 0xff, 0x0, 0xf, 0xff, 0xfc, 0x0,
    0x3f, 0xff, 0xf0, 0x0, 0xff, 0xff, 0xc0, 0x3,
    0xff, 0xff, 0x0, 0xf, 0xff, 0xfc, 0xf, 0xff,
    0x3, 0xff, 0xff, 0xfc, 0xf, 0xff, 0xff, 0xf0,
    0x3f, 0xff, 0xff, 0xc0, 0xff, 0xff, 0xff, 0x3,
    0xff, 0xff, 0xfc, 0xf, 0xff, 0xff, 0xff, 0xff,
    0xff, 0xff, 0xff, 0xff, 0xff, 0xff, 0xff, 0xff,
    0xff, 0xff, 0xff, 0xff, 0xff, 0xff, 0xff, 0xff,
    0xff, 0xff, 0xff, 0xff, 0xff, 0x3, 0xff, 0xff,
    0xfc, 0xf, 0xff, 0xff, 0xf0, 0x3f, 0xff, 0xff,
    0xc0, 0xff, 0xff, 0xff, 0x3, 0xff, 0xff, 0xfc,
    0xf, 0xff, 0xff, 0xf0, 0x3f, 0xff, 0xff, 0xc0,
    0xff, 0xff, 0xff, 0x3, 0xff, 0xff, 0xfc, 0xf,
    0xff, 0xff, 0xf0, 0x3f, 0xff, 0xff, 0xc0, 0xff,
    0xf0,

    /* U+0062 "b" */
    0xff, 0xff, 0xff, 0x3, 0xff, 0xff, 0xfc, 0xf,
    0xff, 0xff, 0xf0, 0x3f, 0xff, 0xff, 0xc0, 0xff,
    0xff, 0xff, 0x3, 0xff, 0xff, 0xfc, 0xf, 0xff,
    0x3, 0xff, 0xff, 0xfc, 0xf, 0xff, 0xff, 0xf0,
    0x3f, 0xff, 0xff, 0xc0, 0xff, 0xff, 0xff, 0x3,
    0xff, 0xff, 0xfc, 0xf, 0xff, 0xff, 0xff, 0xff,
    0xff, 0xff, 0xff, 0xff, 0xff, 0xff, 0xff, 0xff,
    0xff, 0xff, 0xff, 0xff, 0xff, 0xff, 0xff, 0xff,
    0xff, 0xff, 0xff, 0xff, 0xff, 0x3, 0xff, 0xff,
    0xfc, 0xf, 0xff, 0xff, 0xf0, 0x3f, 0xff, 0xff,
    0xc0, 0xff, 0xff, 0xff, 0x3, 0xff, 0xff, 0xfc,
    0xf, 0xff, 0xff, 0xff, 0xff, 0x3, 0xff, 0xff,
    0xfc, 0xf, 0xff, 0xff, 0xf0, 0x3f, 0xff, 0xff,
    0xc0, 0xff, 0xff, 0xff, 0x3, 0xff, 0xff, 0xfc,
    0x0,

    /* U+0063 "c" */
    0x3, 0xff, 0xff, 0x0, 0xf, 0xff, 0xfc, 0x0,
    0x3f, 0xff, 0xf0, 0x0, 0xff, 0xff, 0xc0, 0x3,
    0xff, 0xff, 0x0, 0xf, 0xff, 0xfc, 0xf, 0xff,
    0x3, 0xff, 0xff, 0xfc, 0xf, 0xff, 0xff, 0xf0,
    0x3f, 0xff, 0xff, 0xc0, 0xff, 0xff, 0xff, 0x3,
    0xff, 0xff, 0xfc, 0xf, 0xff, 0xff, 0xf0, 0x0,
    0x3, 0xff, 0xc0, 0x0, 0xf, 0xff, 0x0, 0x0,
    0x3f, 0xfc, 0x0, 0x0, 0xff, 0xf0, 0x0, 0x3,
    0xff, 0xc0, 0x0, 0xf, 0xff, 0x3, 0xff, 0xff,
    0xfc, 0xf, 0xff, 0xff, 0xf0, 0x3f, 0xff, 0xff,
    0xc0, 0xff, 0xff, 0xff, 0x3, 0xff, 0xff, 0xfc,
    0xf, 0xff, 0x3, 0xff, 0xff, 0x0, 0xf, 0xff,
    0xfc, 0x0, 0x3f, 0xff, 0xf0, 0x0, 0xff, 0xff,
    0xc0, 0x3, 0xff, 0xff, 0x0, 0xf, 0xff, 0xfc,
    0x0,

    /* U+0064 "d" */
    0xff, 0xff, 0xff, 0x3, 0xff, 0xff, 0xfc, 0xf,
    0xff, 0xff, 0xf0, 0x3f, 0xff, 0xff, 0xc0, 0xff,
    0xff, 0xff, 0x3, 0xff, 0xff, 0xfc, 0xf, 0xff,
    0x3, 0xff, 0xff, 0xfc, 0xf, 0xff, 0xff, 0xf0,
    0x3f, 0xff, 0xff, 0xc0, 0xff, 0xff, 0xff, 0x3,
    0xff, 0xff, 0xfc, 0xf, 0xff, 0xff, 0xf0, 0x3f,
    0xff, 0xff, 0xc0, 0xff, 0xff, 0xff, 0x3, 0xff,
    0xff, 0xfc, 0xf, 0xff, 0xff, 0xf0, 0x3f, 0xff,
    0xff, 0xc0, 0xff, 0xff, 0xff, 0x3, 0xff, 0xff,
    0xfc, 0xf, 0xff, 0xff, 0xf0, 0x3f, 0xff, 0xff,
    0xc0, 0xff, 0xff, 0xff, 0x3, 0xff, 0xff, 0xfc,
    0xf, 0xff, 0xff, 0xff, 0xff, 0x3, 0xff, 0xff,
    0xfc, 0xf, 0xff, 0xff, 0xf0, 0x3f, 0xff, 0xff,
    0xc0, 0xff, 0xff, 0xff, 0x3, 0xff, 0xff, 0xfc,
    0x0,

    /* U+0065 "e" */
    0xff, 0xff, 0xff, 0xff, 0xff, 0xff, 0xff, 0xff,
    0xff, 0xff, 0xff, 0xff, 0xff, 0xff, 0xff, 0xff,
    0xff, 0xff, 0xff, 0xf0, 0x0, 0xff, 0xf0, 0x0,
    0xff, 0xf0, 0x0, 0xff, 0xf0, 0x0, 0xff, 0xf0,
    0x0, 0xff, 0xf0, 0x0, 0xff, 0xff, 0xff, 0xff,
    0xff, 0xff, 0xff, 0xff, 0xff, 0xff, 0xff, 0xff,
    0xff, 0xff, 0xff, 0xff, 0xff, 0xff, 0xff, 0xf0,
    0x0, 0xff, 0xf0, 0x0, 0xff, 0xf0, 0x0, 0xff,
    0xf0, 0x0, 0xff, 0xf0, 0x0, 0xff, 0xf0, 0x0,
    0xff, 0xff, 0xff, 0xff, 0xff, 0xff, 0xff, 0xff,
    0xff, 0xff, 0xff, 0xff, 0xff, 0xff, 0xff, 0xff,
    0xff, 0xff,

    /* U+0066 "f" */
    0xff, 0xff, 0xff, 0xff, 0xff, 0xff, 0xff, 0xff,
    0xff, 0xff, 0xff, 0xff, 0xff, 0xff, 0xff, 0xff,
    0xff, 0xff, 0xff, 0xf0, 0x0, 0xff, 0xf0, 0x0,
    0xff, 0xf0, 0x0, 0xff, 0xf0, 0x0, 0xff, 0xf0,
    0x0, 0xff, 0xf0, 0x0, 0xff, 0xff, 0xff, 0xff,
    0xff, 0xff, 0xff, 0xff, 0xff, 0xff, 0xff, 0xff,
    0xff, 0xff, 0xff, 0xff, 0xff, 0xff, 0xff, 0xf0,
    0x0, 0xff, 0xf0, 0x0, 0xff, 0xf0, 0x0, 0xff,
    0xf0, 0x0, 0xff, 0xf0, 0x0, 0xff, 0xf0, 0x0,
    0xff, 0xf0, 0x0, 0xff, 0xf0, 0x0, 0xff, 0xf0,
    0x0, 0xff, 0xf0, 0x0, 0xff, 0xf0, 0x0, 0xff,
    0xf0, 0x0,

    /* U+0067 "g" */
    0x3, 0xff, 0xff, 0xfc, 0xf, 0xff, 0xff, 0xf0,
    0x3f, 0xff, 0xff, 0xc0, 0xff, 0xff, 0xff, 0x3,
    0xff, 0xff, 0xfc, 0xf, 0xff, 0xff, 0xff, 0xff,
    0x0, 0x0, 0x3f, 0xfc, 0x0, 0x0, 0xff, 0xf0,
    0x0, 0x3, 0xff, 0xc0, 0x0, 0xf, 0xff, 0x0,
    0x0, 0x3f, 0xfc, 0x0, 0x0, 0xff, 0xf0, 0x3f,
    0xff, 0xff, 0xc0, 0xff, 0xff, 0xff, 0x3, 0xff,
    0xff, 0xfc, 0xf, 0xff, 0xff, 0xf0, 0x3f, 0xff,
    0xff, 0xc0, 0xff, 0xff, 0xff, 0x3, 0xff, 0xff,
    0xfc, 0xf, 0xff, 0xff, 0xf0, 0x3f, 0xff, 0xff,
    0xc0, 0xff, 0xff, 0xff, 0x3, 0xff, 0xff, 0xfc,
    0xf, 0xff, 0x3, 0xff, 0xff, 0x0, 0xf, 0xff,
    0xfc, 0x0, 0x3f, 0xff, 0xf0, 0x0, 0xff, 0xff,
    0xc0, 0x3, 0xff, 0xff, 0x0, 0xf, 0xff, 0xfc,
    0x0,

    /* U+0068 "h" */
    0xff, 0xf0, 0x3f, 0xff, 0xff, 0xc0, 0xff, 0xff,
    0xff, 0x3, 0xff, 0xff, 0xfc, 0xf, 0xff, 0xff,
    0xf0, 0x3f, 0xff, 0xff, 0xc0, 0xff, 0xff, 0xff,
    0x3, 0xff, 0xff, 0xfc, 0xf, 0xff, 0xff, 0xf0,
    0x3f, 0xff, 0xff, 0xc0, 0xff, 0xff, 0xff, 0x3,
    0xff, 0xff, 0xfc, 0xf, 0xff, 0xff, 0xff, 0xff,
    0xff, 0xff, 0xff, 0xff, 0xff, 0xff, 0xff, 0xff,
    0xff, 0xff, 0xff, 0xff, 0xff, 0xff, 0xff, 0xff,
    0xff, 0xff, 0xff, 0xff, 0xff, 0x3, 0xff, 0xff,
    0xfc, 0xf, 0xff, 0xff, 0xf0, 0x3f, 0xff, 0xff,
    0xc0, 0xff, 0xff, 0xff, 0x3, 0xff, 0xff, 0xfc,
    0xf, 0xff, 0xff, 0xf0, 0x3f, 0xff, 0xff, 0xc0,
    0xff, 0xff, 0xff, 0x3, 0xff, 0xff, 0xfc, 0xf,
    0xff, 0xff, 0xf0, 0x3f, 0xff, 0xff, 0xc0, 0xff,
    0xf0,

    /* U+0069 "i" */
    0xff, 0xff, 0xff, 0xff, 0xff, 0xff, 0xff, 0xff,
    0xff, 0xff, 0xff, 0xff, 0xff, 0xff, 0xff, 0xff,
    0xff, 0xff, 0xff, 0xff, 0xff, 0xff, 0xff, 0xff,
    0xff, 0xff, 0xff, 0xff, 0xff, 0xff, 0xff, 0xff,
    0xff, 0xff, 0xff, 0xff, 0xff, 0xff, 0xff, 0xff,
    0xff, 0xff, 0xff, 0xff, 0xff,

    /* U+006A "j" */
    0x0, 0x0, 0x3f, 0xfc, 0x0, 0x0, 0xff, 0xf0,
    0x0, 0x3, 0xff, 0xc0, 0x0, 0xf, 0xff, 0x0,
    0x0, 0x3f, 0xfc, 0x0, 0x0, 0xff, 0xf0, 0x0,
    0x3, 0xff, 0xc0, 0x0, 0xf, 0xff, 0x0, 0x0,
    0x3f, 0xfc, 0x0, 0x0, 0xff, 0xf0, 0x0, 0x3,
    0xff, 0xc0, 0x0, 0xf, 0xff, 0x0, 0x0, 0x3f,
    0xfc, 0x0, 0x0, 0xff, 0xf0, 0x0, 0x3, 0xff,
    0xc0, 0x0, 0xf, 0xff, 0x0, 0x0, 0x3f, 0xfc,
    0x0, 0x0, 0xff, 0xff, 0xff, 0x3, 0xff, 0xff,
    0xfc, 0xf, 0xff, 0xff, 0xf0, 0x3f, 0xff, 0xff,
    0xc0, 0xff, 0xff, 0xff, 0x3, 0xff, 0xff, 0xfc,
    0xf, 0xff, 0x3, 0xff, 0xff, 0x0, 0xf, 0xff,
    0xfc, 0x0, 0x3f, 0xff, 0xf0, 0x0, 0xff, 0xff,
    0xc0, 0x3, 0xff, 0xff, 0x0, 0xf, 0xff, 0xfc,
    0x0,

    /* U+006B "k" */
    0xff, 0xf0, 0x3f, 0xff, 0xff, 0xc0, 0xff, 0xff,
    0xff, 0x3, 0xff, 0xff, 0xfc, 0xf, 0xff, 0xff,
    0xf0, 0x3f, 0xff, 0xff, 0xc0, 0xff, 0xff, 0xff,
    0xff, 0xf0, 0x3f, 0xff, 0xff, 0xc0, 0xff, 0xff,
    0xff, 0x3, 0xff, 0xff, 0xfc, 0xf, 0xff, 0xff,
    0xf0, 0x3f, 0xff, 0xff, 0xc0, 0xff, 0xff, 0xc0,
    0x3, 0xff, 0xff, 0x0, 0xf, 0xff, 0xfc, 0x0,
    0x3f, 0xff, 0xf0, 0x0, 0xff, 0xff, 0xc0, 0x3,
    0xff, 0xff, 0x0, 0xf, 0xff, 0xff, 0xf0, 0x3f,
    0xff, 0xff, 0xc0, 0xff, 0xff, 0xff, 0x3, 0xff,
    0xff, 0xfc, 0xf, 0xff, 0xff, 0xf0, 0x3f, 0xff,
    0xff, 0xc0, 0xff, 0xf0, 0x3f, 0xff, 0xff, 0xc0,
    0xff, 0xff, 0xff, 0x3, 0xff, 0xff, 0xfc, 0xf,
    0xff, 0xff, 0xf0, 0x3f, 0xff, 0xff, 0xc0, 0xff,
    0xf0,

    /* U+006C "l" */
    0xff, 0xf0, 0x0, 0xff, 0xf0, 0x0, 0xff, 0xf0,
    0x0, 0xff, 0xf0, 0x0, 0xff, 0xf0, 0x0, 0xff,
    0xf0, 0x0, 0xff, 0xf0, 0x0, 0xff, 0xf0, 0x0,
    0xff, 0xf0, 0x0, 0xff, 0xf0, 0x0, 0xff, 0xf0,
    0x0, 0xff, 0xf0, 0x0, 0xff, 0xf0, 0x0, 0xff,
    0xf0, 0x0, 0xff, 0xf0, 0x0, 0xff, 0xf0, 0x0,
    0xff, 0xf0, 0x0, 0xff, 0xf0, 0x0, 0xff, 0xf0,
    0x0, 0xff, 0xf0, 0x0, 0xff, 0xf0, 0x0, 0xff,
    0xf0, 0x0, 0xff, 0xf0, 0x0, 0xff, 0xf0, 0x0,
    0xff, 0xff, 0xff, 0xff, 0xff, 0xff, 0xff, 0xff,
    0xff, 0xff, 0xff, 0xff, 0xff, 0xff, 0xff, 0xff,
    0xff, 0xff,

    /* U+006D "m" */
    0xff, 0xf0, 0x0, 0xff, 0xff, 0xff, 0x0, 0xf,
    0xff, 0xff, 0xf0, 0x0, 0xff, 0xff, 0xff, 0x0,
    0xf, 0xff, 0xff, 0xf0, 0x0, 0xff, 0xff, 0xff,
    0x0, 0xf, 0xff, 0xff, 0xff, 0xff, 0xff, 0xff,
    0xff, 0xff, 0xff, 0xff, 0xff, 0xff, 0xff, 0xff,
    0xff, 0xff, 0xff, 0xff, 0xff, 0xff, 0xff, 0xff,
    0xff, 0xff, 0xff, 0xff, 0xff, 0xff, 0xff, 0xff,
    0xff, 0xff, 0xff, 0xff, 0xff, 0xff, 0xff, 0xff,
    0xff, 0xff, 0xff, 0xff, 0xff, 0xff, 0xff, 0xff,
    0xff, 0xff, 0xff, 0xff, 0xff, 0xff, 0xff, 0xff,
    0xff, 0xff, 0xf0, 0x0, 0xff, 0xff, 0xff, 0x0,
    0xf, 0xff, 0xff, 0xf0, 0x0, 0xff, 0xff, 0xff,
    0x0, 0xf, 0xff, 0xff, 0xf0, 0x0, 0xff, 0xff,
    0xff, 0x0, 0xf, 0xff, 0xff, 0xf0, 0x0, 0xff,
    0xff, 0xff, 0x0, 0xf, 0xff, 0xff, 0xf0, 0x0,
    0xff, 0xff, 0xff, 0x0, 0xf, 0xff, 0xff, 0xf0,
    0x0, 0xff, 0xff, 0xff, 0x0, 0xf, 0xff,

    /* U+006E "n" */
    0xff, 0xf0, 0x0, 0xff, 0xff, 0xff, 0x0, 0xf,
    0xff, 0xff, 0xf0, 0x0, 0xff, 0xff, 0xff, 0x0,
    0xf, 0xff, 0xff, 0xf0, 0x0, 0xff, 0xff, 0xff,
    0x0, 0xf, 0xff, 0xff, 0xff, 0xc0, 0xff, 0xff,
    0xff, 0xfc, 0xf, 0xff, 0xff, 0xff, 0xc0, 0xff,
    0xff, 0xff, 0xfc, 0xf, 0xff, 0xff, 0xff, 0xc0,
    0xff, 0xff, 0xff, 0xfc, 0xf, 0xff, 0xff, 0xff,
    0xff, 0xff, 0xff, 0xff, 0xff, 0xff, 0xff, 0xff,
    0xff, 0xff, 0xff, 0xff, 0xff, 0xff, 0xff, 0xff,
    0xff, 0xff, 0xff, 0xff, 0xff, 0xff, 0xff, 0xff,
    0xff, 0xff, 0xf0, 0x3f, 0xff, 0xff, 0xff, 0x3,
    0xff, 0xff, 0xff, 0xf0, 0x3f, 0xff, 0xff, 0xff,
    0x3, 0xff, 0xff, 0xff, 0xf0, 0x3f, 0xff, 0xff,
    0xff, 0x3, 0xff, 0xff, 0xff, 0xf0, 0x0, 0xff,
    0xff, 0xff, 0x0, 0xf, 0xff, 0xff, 0xf0, 0x0,
    0xff, 0xff, 0xff, 0x0, 0xf, 0xff, 0xff, 0xf0,
    0x0, 0xff, 0xff, 0xff, 0x0, 0xf, 0xff,

    /* U+006F "o" */
    0x3, 0xff, 0xff, 0x0, 0xf, 0xff, 0xfc, 0x0,
    0x3f, 0xff, 0xf0, 0x0, 0xff, 0xff, 0xc0, 0x3,
    0xff, 0xff, 0x0, 0xf, 0xff, 0xfc, 0xf, 0xff,
    0x3, 0xff, 0xff, 0xfc, 0xf, 0xff, 0xff, 0xf0,
    0x3f, 0xff, 0xff, 0xc0, 0xff, 0xff, 0xff, 0x3,
    0xff, 0xff, 0xfc, 0xf, 0xff, 0xff, 0xf0, 0x3f,
    0xff, 0xff, 0xc0, 0xff, 0xff, 0xff, 0x3, 0xff,
    0xff, 0xfc, 0xf, 0xff, 0xff, 0xf0, 0x3f, 0xff,
    0xff, 0xc0, 0xff, 0xff, 0xff, 0x3, 0xff, 0xff,
    0xfc, 0xf, 0xff, 0xff, 0xf0, 0x3f, 0xff, 0xff,
    0xc0, 0xff, 0xff, 0xff, 0x3, 0xff, 0xff, 0xfc,
    0xf, 0xff, 0x3, 0xff, 0xff, 0x0, 0xf, 0xff,
    0xfc, 0x0, 0x3f, 0xff, 0xf0, 0x0, 0xff, 0xff,
    0xc0, 0x3, 0xff, 0xff, 0x0, 0xf, 0xff, 0xfc,
    0x0,

    /* U+0070 "p" */
    0xff, 0xff, 0xff, 0x3, 0xff, 0xff, 0xfc, 0xf,
    0xff, 0xff, 0xf0, 0x3f, 0xff, 0xff, 0xc0, 0xff,
    0xff, 0xff, 0x3, 0xff, 0xff, 0xfc, 0xf, 0xff,
    0x3, 0xff, 0xff, 0xfc, 0xf, 0xff, 0xff, 0xf0,
    0x3f, 0xff, 0xff, 0xc0, 0xff, 0xff, 0xff, 0x3,
    0xff, 0xff, 0xfc, 0xf, 0xff, 0xff, 0xff, 0xff,
    0x3, 0xff, 0xff, 0xfc, 0xf, 0xff, 0xff, 0xf0,
    0x3f, 0xff, 0xff, 0xc0, 0xff, 0xff, 0xff, 0x3,
    0xff, 0xff, 0xfc, 0xf, 0xff, 0x0, 0x0, 0x3f,
    0xfc, 0x0, 0x0, 0xff, 0xf0, 0x0, 0x3, 0xff,
    0xc0, 0x0, 0xf, 0xff, 0x0, 0x0, 0x3f, 0xfc,
    0x0, 0x0, 0xff, 0xf0, 0x0, 0x3, 0xff, 0xc0,
    0x0, 0xf, 0xff, 0x0, 0x0, 0x3f, 0xfc, 0x0,
    0x0, 0xff, 0xf0, 0x0, 0x3, 0xff, 0xc0, 0x0,
    0x0,

    /* U+0071 "q" */
    0x3, 0xff, 0xff, 0x0, 0xf, 0xff, 0xfc, 0x0,
    0x3f, 0xff, 0xf0, 0x0, 0xff, 0xff, 0xc0, 0x3,
    0xff, 0xff, 0x0, 0xf, 0xff, 0xfc, 0xf, 0xff,
    0x3, 0xff, 0xff, 0xfc, 0xf, 0xff, 0xff, 0xf0,
    0x3f, 0xff, 0xff, 0xc0, 0xff, 0xff, 0xff, 0x3,
    0xff, 0xff, 0xfc, 0xf, 0xff, 0xff, 0xf0, 0x3f,
    0xff, 0xff, 0xc0, 0xff, 0xff, 0xff, 0x3, 0xff,
    0xff, 0xfc, 0xf, 0xff, 0xff, 0xf0, 0x3f, 0xff,
    0xff, 0xc0, 0xff, 0xff, 0xff, 0x3, 0xff, 0xff,
    0xfc, 0xf, 0xff, 0xff, 0xf0, 0x3f, 0xff, 0xff,
    0xc0, 0xff, 0xff, 0xff, 0x3, 0xff, 0xff, 0xfc,
    0xf, 0xff, 0x3, 0xff, 0xff, 0x0, 0xf, 0xff,
    0xfc, 0x0, 0x3f, 0xff, 0xf0, 0x0, 0xff, 0xff,
    0xc0, 0x3, 0xff, 0xff, 0x0, 0xf, 0xff, 0xfc,
    0x0, 0x0, 0x3, 0xff, 0xc0, 0x0, 0xf, 0xff,
    0x0, 0x0, 0x3f, 0xfc, 0x0, 0x0, 0xff, 0xf0,
    0x0, 0x3, 0xff, 0xc0, 0x0, 0xf, 0xff,

    /* U+0072 "r" */
    0xff, 0xff, 0xff, 0x3, 0xff, 0xff, 0xfc, 0xf,
    0xff, 0xff, 0xf0, 0x3f, 0xff, 0xff, 0xc0, 0xff,
    0xff, 0xff, 0x3, 0xff, 0xff, 0xfc, 0xf, 0xff,
    0x3, 0xff, 0xff, 0xfc, 0xf, 0xff, 0xff, 0xf0,
    0x3f, 0xff, 0xff, 0xc0, 0xff, 0xff, 0xff, 0x3,
    0xff, 0xff, 0xfc, 0xf, 0xff, 0xff, 0xff, 0xff,
    0x3, 0xff, 0xff, 0xfc, 0xf, 0xff, 0xff, 0xf0,
    0x3f, 0xff, 0xff, 0xc0, 0xff, 0xff, 0xff, 0x3,
    0xff, 0xff, 0xfc, 0xf, 0xff, 0xff, 0xf0, 0x3f,
    0xff, 0xff, 0xc0, 0xff, 0xff, 0xff, 0x3, 0xff,
    0xff, 0xfc, 0xf, 0xff, 0xff, 0xf0, 0x3f, 0xff,
    0xff, 0xc0, 0xff, 0xf0, 0x3f, 0xff, 0xff, 0xc0,
    0xff, 0xff, 0xff, 0x3, 0xff, 0xff, 0xfc, 0xf,
    0xff, 0xff, 0xf0, 0x3f, 0xff, 0xff, 0xc0, 0xff,
    0xf0,

    /* U+0073 "s" */
    0x3, 0xff, 0xff, 0xfc, 0xf, 0xff, 0xff, 0xf0,
    0x3f, 0xff, 0xff, 0xc0, 0xff, 0xff, 0xff, 0x3,
    0xff, 0xff, 0xfc, 0xf, 0xff, 0xff, 0xff, 0xff,
    0x0, 0x0, 0x3f, 0xfc, 0x0, 0x0, 0xff, 0xf0,
    0x0, 0x3, 0xff, 0xc0, 0x0, 0xf, 0xff, 0x0,
    0x0, 0x3f, 0xfc, 0x0, 0x0, 0x3, 0xff, 0xff,
    0x0, 0xf, 0xff, 0xfc, 0x0, 0x3f, 0xff, 0xf0,
    0x0, 0xff, 0xff, 0xc0, 0x3, 0xff, 0xff, 0x0,
    0xf, 0xff, 0xfc, 0x0, 0x0, 0x3, 0xff, 0xc0,
    0x0, 0xf, 0xff, 0x0, 0x0, 0x3f, 0xfc, 0x0,
    0x0, 0xff, 0xf0, 0x0, 0x3, 0xff, 0xc0, 0x0,
    0xf, 0xff, 0xff, 0xff, 0xff, 0x3, 0xff, 0xff,
    0xfc, 0xf, 0xff, 0xff, 0xf0, 0x3f, 0xff, 0xff,
    0xc0, 0xff, 0xff, 0xff, 0x3, 0xff, 0xff, 0xfc,
    0x0,

    /* U+0074 "t" */
    0xff, 0xff, 0xff, 0xff, 0xff, 0xff, 0xff, 0xff,
    0xff, 0xff, 0xff, 0xff, 0xff, 0xff, 0xff, 0xff,
    0xff, 0xff, 0x3, 0xff, 0xc0, 0x3, 0xff, 0xc0,
    0x3, 0xff, 0xc0, 0x3, 0xff, 0xc0, 0x3, 0xff,
    0xc0, 0x3, 0xff, 0xc0, 0x3, 0xff, 0xc0, 0x3,
    0xff, 0xc0, 0x3, 0xff, 0xc0, 0x3, 0xff, 0xc0,
    0x3, 0xff, 0xc0, 0x3, 0xff, 0xc0, 0x3, 0xff,
    0xc0, 0x3, 0xff, 0xc0, 0x3, 0xff, 0xc0, 0x3,
    0xff, 0xc0, 0x3, 0xff, 0xc0, 0x3, 0xff, 0xc0,
    0x3, 0xff, 0xc0, 0x3, 0xff, 0xc0, 0x3, 0xff,
    0xc0, 0x3, 0xff, 0xc0, 0x3, 0xff, 0xc0, 0x3,
    0xff, 0xc0,

    /* U+0075 "u" */
    0xff, 0xf0, 0x3f, 0xff, 0xff, 0xc0, 0xff, 0xff,
    0xff, 0x3, 0xff, 0xff, 0xfc, 0xf, 0xff, 0xff,
    0xf0, 0x3f, 0xff, 0xff, 0xc0, 0xff, 0xff, 0xff,
    0x3, 0xff, 0xff, 0xfc, 0xf, 0xff, 0xff, 0xf0,
    0x3f, 0xff, 0xff, 0xc0, 0xff, 0xff, 0xff, 0x3,
    0xff, 0xff, 0xfc, 0xf, 0xff, 0xff, 0xf0, 0x3f,
    0xff, 0xff, 0xc0, 0xff, 0xff, 0xff, 0x3, 0xff,
    0xff, 0xfc, 0xf, 0xff, 0xff, 0xf0, 0x3f, 0xff,
    0xff, 0xc0, 0xff, 0xff, 0xff, 0x3, 0xff, 0xff,
    0xfc, 0xf, 0xff, 0xff, 0xf0, 0x3f, 0xff, 0xff,
    0xc0, 0xff, 0xff, 0xff, 0x3, 0xff, 0xff, 0xfc,
    0xf, 0xff, 0x3, 0xff, 0xff, 0x0, 0xf, 0xff,
    0xfc, 0x0, 0x3f, 0xff, 0xf0, 0x0, 0xff, 0xff,
    0xc0, 0x3, 0xff, 0xff, 0x0, 0xf, 0xff, 0xfc,
    0x0,

    /* U+0076 "v" */
    0xff, 0xf0, 0x0, 0xff, 0xff, 0xff, 0x0, 0xf,
    0xff, 0xff, 0xf0, 0x0, 0xff, 0xff, 0xff, 0x0,
    0xf, 0xff, 0xff, 0xf0, 0x0, 0xff, 0xff, 0xff,
    0x0, 0xf, 0xff, 0xff, 0xf0, 0x0, 0xff, 0xff,
    0xff, 0x0, 0xf, 0xff, 0xff, 0xf0, 0x0, 0xff,
    0xff, 0xff, 0x0, 0xf, 0xff, 0xff, 0xf0, 0x0,
    0xff, 0xff, 0xff, 0x0, 0xf, 0xff, 0x3, 0xff,
    0xff, 0xfc, 0x0, 0x3f, 0xff, 0xff, 0xc0, 0x3,
    0xff, 0xff, 0xfc, 0x0, 0x3f, 0xff, 0xff, 0xc0,
    0x3, 0xff, 0xff, 0xfc, 0x0, 0x3f, 0xff, 0xff,
    0xc0, 0x3, 0xff, 0xff, 0xfc, 0x0, 0x3f, 0xff,
    0xff, 0xc0, 0x3, 0xff, 0xff, 0xfc, 0x0, 0x3f,
    0xff, 0xff, 0xc0, 0x3, 0xff, 0xff, 0xfc, 0x0,
    0x3f, 0xff, 0xff, 0xc0, 0x0, 0xf, 0xff, 0x0,
    0x0, 0x0, 0xff, 0xf0, 0x0, 0x0, 0xf, 0xff,
    0x0, 0x0, 0x0, 0xff, 0xf0, 0x0, 0x0, 0xf,
    0xff, 0x0, 0x0, 0x0, 0xff, 0xf0, 0x0,

    /* U+0077 "w" */
    0xff, 0xf0, 0x0, 0xff, 0xff, 0xff, 0x0, 0xf,
    0xff, 0xff, 0xf0, 0x0, 0xff, 0xff, 0xff, 0x0,
    0xf, 0xff, 0xff, 0xf0, 0x0, 0xff, 0xff, 0xff,
    0x0, 0xf, 0xff, 0xff, 0xff, 0xff, 0xff, 0xff,
    0xff, 0xff, 0xff, 0xff, 0xff, 0xff, 0xff, 0xff,
    0xff, 0xff, 0xff, 0xff, 0xff, 0xff, 0xff, 0xff,
    0xff, 0xff, 0xff, 0xff, 0xff, 0xff, 0xff, 0xff,
    0xff, 0xff, 0xff, 0xff, 0xff, 0xff, 0xff, 0xff,
    0xff, 0xff, 0xff, 0xff, 0xff, 0xff, 0xff, 0xff,
    0xff, 0xff, 0xff, 0xff, 0xff, 0xff, 0xff, 0xff,
    0xff, 0xff, 0xff, 0xff, 0xff, 0xff, 0xff, 0xff,
    0xff, 0xff, 0xff, 0xff, 0xff, 0xff, 0xff, 0xff,
    0xff, 0xff, 0xff, 0xff, 0xff, 0xff, 0xff, 0xff,
    0xff, 0xff, 0xff, 0xff, 0x3, 0xff, 0xff, 0xfc,
    0x0, 0x3f, 0xff, 0xff, 0xc0, 0x3, 0xff, 0xff,
    0xfc, 0x0, 0x3f, 0xff, 0xff, 0xc0, 0x3, 0xff,
    0xff, 0xfc, 0x0, 0x3f, 0xff, 0xff, 0xc0,

    /* U+0078 "x" */
    0xff, 0xf0, 0x0, 0xff, 0xff, 0xff, 0x0, 0xf,
    0xff, 0xff, 0xf0, 0x0, 0xff, 0xff, 0xff, 0x0,
    0xf, 0xff, 0xff, 0xf0, 0x0, 0xff, 0xff, 0xff,
    0x0, 0xf, 0xff, 0x3, 0xff, 0xff, 0xfc, 0x0,
    0x3f, 0xff, 0xff, 0xc0, 0x3, 0xff, 0xff, 0xfc,
    0x0, 0x3f, 0xff, 0xff, 0xc0, 0x3, 0xff, 0xff,
    0xfc, 0x0, 0x3f, 0xff, 0xff, 0xc0, 0x0, 0xf,
    0xff, 0x0, 0x0, 0x0, 0xff, 0xf0, 0x0, 0x0,
    0xf, 0xff, 0x0, 0x0, 0x0, 0xff, 0xf0, 0x0,
    0x0, 0xf, 0xff, 0x0, 0x0, 0x0, 0xff, 0xf0,
    0x0, 0x3, 0xff, 0xff, 0xfc, 0x0, 0x3f, 0xff,
    0xff, 0xc0, 0x3, 0xff, 0xff, 0xfc, 0x0, 0x3f,
    0xff, 0xff, 0xc0, 0x3, 0xff, 0xff, 0xfc, 0x0,
    0x3f, 0xff, 0xff, 0xc0, 0xff, 0xf0, 0x0, 0xff,
    0xff, 0xff, 0x0, 0xf, 0xff, 0xff, 0xf0, 0x0,
    0xff, 0xff, 0xff, 0x0, 0xf, 0xff, 0xff, 0xf0,
    0x0, 0xff, 0xff, 0xff, 0x0, 0xf, 0xff,

    /* U+0079 "y" */
    0xff, 0xf0, 0x0, 0xff, 0xff, 0xff, 0x0, 0xf,
    0xff, 0xff, 0xf0, 0x0, 0xff, 0xff, 0xff, 0x0,
    0xf, 0xff, 0xff, 0xf0, 0x0, 0xff, 0xff, 0xff,
    0x0, 0xf, 0xff, 0x3, 0xff, 0xff, 0xfc, 0x0,
    0x3f, 0xff, 0xff, 0xc0, 0x3, 0xff, 0xff, 0xfc,
    0x0, 0x3f, 0xff, 0xff, 0xc0, 0x3, 0xff, 0xff,
    0xfc, 0x0, 0x3f, 0xff, 0xff, 0xc0, 0x0, 0xf,
    0xff, 0x0, 0x0, 0x0, 0xff, 0xf0, 0x0, 0x0,
    0xf, 0xff, 0x0, 0x0, 0x0, 0xff, 0xf0, 0x0,
    0x0, 0xf, 0xff, 0x0, 0x0, 0x0, 0xff, 0xf0,
    0x0, 0x0, 0xf, 0xff, 0x0, 0x0, 0x0, 0xff,
    0xf0, 0x0, 0x0, 0xf, 0xff, 0x0, 0x0, 0x0,
    0xff, 0xf0, 0x0, 0x0, 0xf, 0xff, 0x0, 0x0,
    0x0, 0xff, 0xf0, 0x0, 0x0, 0xf, 0xff, 0x0,
    0x0, 0x0, 0xff, 0xf0, 0x0, 0x0, 0xf, 0xff,
    0x0, 0x0, 0x0, 0xff, 0xf0, 0x0, 0x0, 0xf,
    0xff, 0x0, 0x0, 0x0, 0xff, 0xf0, 0x0,

    /* U+007A "z" */
    0xff, 0xff, 0xff, 0xff, 0xff, 0xff, 0xff, 0xff,
    0xff, 0xff, 0xff, 0xff, 0xff, 0xff, 0xff, 0xff,
    0xff, 0xff, 0x0, 0xf, 0xff, 0x0, 0xf, 0xff,
    0x0, 0xf, 0xff, 0x0, 0xf, 0xff, 0x0, 0xf,
    0xff, 0x0, 0xf, 0xff, 0x3, 0xff, 0xc0, 0x3,
    0xff, 0xc0, 0x3, 0xff, 0xc0, 0x3, 0xff, 0xc0,
    0x3, 0xff, 0xc0, 0x3, 0xff, 0xc0, 0xff, 0xf0,
    0x0, 0xff, 0xf0, 0x0, 0xff, 0xf0, 0x0, 0xff,
    0xf0, 0x0, 0xff, 0xf0, 0x0, 0xff, 0xf0, 0x0,
    0xff, 0xff, 0xff, 0xff, 0xff, 0xff, 0xff, 0xff,
    0xff, 0xff, 0xff, 0xff, 0xff, 0xff, 0xff, 0xff,
    0xff, 0xff,

    /* U+007B "{" */
    0x3, 0xff, 0xff, 0x3, 0xff, 0xff, 0x3, 0xff,
    0xff, 0x3, 0xff, 0xff, 0x3, 0xff, 0xff, 0x3,
    0xff, 0xff, 0x3, 0xff, 0xc0, 0x3, 0xff, 0xc0,
    0x3, 0xff, 0xc0, 0x3, 0xff, 0xc0, 0x3, 0xff,
    0xc0, 0x3, 0xff, 0xc0, 0xff, 0xf0, 0x0, 0xff,
    0xf0, 0x0, 0xff, 0xf0, 0x0, 0xff, 0xf0, 0x0,
    0xff, 0xf0, 0x0, 0xff, 0xf0, 0x0, 0x3, 0xff,
    0xc0, 0x3, 0xff, 0xc0, 0x3, 0xff, 0xc0, 0x3,
    0xff, 0xc0, 0x3, 0xff, 0xc0, 0x3, 0xff, 0xc0,
    0x3, 0xff, 0xff, 0x3, 0xff, 0xff, 0x3, 0xff,
    0xff, 0x3, 0xff, 0xff, 0x3, 0xff, 0xff, 0x3,
    0xff, 0xff,

    /* U+007C "|" */
    0xff, 0xff, 0xff, 0xff, 0xff, 0xff, 0xff, 0xff,
    0xff, 0xff, 0xff, 0xff, 0xff, 0xff, 0xff, 0xff,
    0xff, 0xff, 0xff, 0xff, 0xff, 0xff, 0xff, 0xff,
    0xff, 0xff, 0xff, 0xff, 0xff, 0xff, 0xff, 0xff,
    0xff, 0xff, 0xff, 0xff, 0xff, 0xff, 0xff, 0xff,
    0xff, 0xff, 0xff, 0xff, 0xff, 0xff, 0xff, 0xff,
    0xff, 0xff, 0xff, 0xff, 0xff, 0xff, 0xff, 0xff,
    0xff, 0xff, 0xff, 0xff, 0xff, 0xff, 0xff,

    /* U+007D "}" */
    0xff, 0xff, 0xc0, 0xff, 0xff, 0xc0, 0xff, 0xff,
    0xc0, 0xff, 0xff, 0xc0, 0xff, 0xff, 0xc0, 0xff,
    0xff, 0xc0, 0x3, 0xff, 0xc0, 0x3, 0xff, 0xc0,
    0x3, 0xff, 0xc0, 0x3, 0xff, 0xc0, 0x3, 0xff,
    0xc0, 0x3, 0xff, 0xc0, 0x0, 0xf, 0xff, 0x0,
    0xf, 0xff, 0x0, 0xf, 0xff, 0x0, 0xf, 0xff,
    0x0, 0xf, 0xff, 0x0, 0xf, 0xff, 0x3, 0xff,
    0xc0, 0x3, 0xff, 0xc0, 0x3, 0xff, 0xc0, 0x3,
    0xff, 0xc0, 0x3, 0xff, 0xc0, 0x3, 0xff, 0xc0,
    0xff, 0xff, 0xc0, 0xff, 0xff, 0xc0, 0xff, 0xff,
    0xc0, 0xff, 0xff, 0xc0, 0xff, 0xff, 0xc0, 0xff,
    0xff, 0xc0,

    /* U+007E "~" */
    0x3, 0xff, 0xff, 0xfc, 0xf, 0xff, 0xff, 0xf0,
    0x3f, 0xff, 0xff, 0xc0, 0xff, 0xff, 0xff, 0x3,
    0xff, 0xff, 0xfc, 0xf, 0xff, 0xff, 0xff, 0xff,
    0xff, 0xf0, 0x3f, 0xff, 0xff, 0xc0, 0xff, 0xff,
    0xff, 0x3, 0xff, 0xff, 0xfc, 0xf, 0xff, 0xff,
    0xf0, 0x3f, 0xff, 0xff, 0xc0,

    /* U+00A0 " " */
    0x0,

    /* U+00A1 "¡" */
    0xff, 0xff, 0xff, 0xff, 0xff, 0xff, 0xff, 0xff,
    0xff, 0x0, 0x0, 0x0, 0x0, 0x0, 0x0, 0x0,
    0x0, 0x0, 0xff, 0xff, 0xff, 0xff, 0xff, 0xff,
    0xff, 0xff, 0xff, 0xff, 0xff, 0xff, 0xff, 0xff,
    0xff, 0xff, 0xff, 0xff, 0xff, 0xff, 0xff, 0xff,
    0xff, 0xff, 0xff, 0xff, 0xff,

    /* U+00A2 "¢" */
    0x3, 0xff, 0xc0, 0x3, 0xff, 0xc0, 0x3, 0xff,
    0xc0, 0x3, 0xff, 0xc0, 0x3, 0xff, 0xc0, 0x3,
    0xff, 0xc0, 0xff, 0xff, 0xff, 0xff, 0xff, 0xff,
    0xff, 0xff, 0xff, 0xff, 0xff, 0xff, 0xff, 0xff,
    0xff, 0xff, 0xff, 0xff, 0xff, 0xf0, 0x0, 0xff,
    0xf0, 0x0, 0xff, 0xf0, 0x0, 0xff, 0xf0, 0x0,
    0xff, 0xf0, 0x0, 0xff, 0xf0, 0x0, 0xff, 0xff,
    0xff, 0xff, 0xff, 0xff, 0xff, 0xff, 0xff, 0xff,
    0xff, 0xff, 0xff, 0xff, 0xff, 0xff, 0xff, 0xff,
    0x3, 0xff, 0xc0, 0x3, 0xff, 0xc0, 0x3, 0xff,
    0xc0, 0x3, 0xff, 0xc0, 0x3, 0xff, 0xc0, 0x3,
    0xff, 0xc0,

    /* U+00A3 "£" */
    0x0, 0xf, 0xff, 0xfc, 0x0, 0x3f, 0xff, 0xf0,
    0x0, 0xff, 0xff, 0xc0, 0x3, 0xff, 0xff, 0x0,
    0xf, 0xff, 0xfc, 0x0, 0x3f, 0xff, 0xf0, 0x0,
    0xff, 0xf0, 0x0, 0x3, 0xff, 0xc0, 0x0, 0xf,
    0xff, 0x0, 0x0, 0x3f, 0xfc, 0x0, 0x0, 0xff,
    0xf0, 0x0, 0x3, 0xff, 0xc0, 0xff, 0xff, 0xff,
    0x3, 0xff, 0xff, 0xfc, 0xf, 0xff, 0xff, 0xf0,
    0x3f, 0xff, 0xff, 0xc0, 0xff, 0xff, 0xff, 0x3,
    0xff, 0xff, 0xfc, 0x0, 0x3f, 0xfc, 0x0, 0x0,
    0xff, 0xf0, 0x0, 0x3, 0xff, 0xc0, 0x0, 0xf,
    0xff, 0x0, 0x0, 0x3f, 0xfc, 0x0, 0x0, 0xff,
    0xf0, 0x0, 0xff, 0xff, 0xff, 0xff, 0xff, 0xff,
    0xff, 0xff, 0xff, 0xff, 0xff, 0xff, 0xff, 0xff,
    0xff, 0xff, 0xff, 0xff, 0xff, 0xff, 0xff, 0xff,
    0xf0,

    /* U+00A4 "¤" */
    0xff, 0xff, 0xff, 0xff, 0xff, 0xff, 0xff, 0xff,
    0xff, 0xff, 0xff, 0xff, 0xff, 0xff, 0xff, 0xff,
    0xff, 0xff, 0xff, 0xff, 0xff, 0xff, 0xff, 0xff,
    0xff, 0xff, 0xff, 0x3, 0xff, 0xff, 0xfc, 0x0,
    0x3f, 0xff, 0xff, 0xc0, 0x3, 0xff, 0xff, 0xfc,
    0x0, 0x3f, 0xff, 0xff, 0xc0, 0x3, 0xff, 0xff,
    0xfc, 0x0, 0x3f, 0xff, 0xff, 0xc0, 0x3, 0xff,
    0xff, 0xfc, 0x0, 0x3f, 0xff, 0xff, 0xc0, 0x3,
    0xff, 0xff, 0xfc, 0x0, 0x3f, 0xff, 0xff, 0xc0,
    0x3, 0xff, 0xff, 0xfc, 0x0, 0x3f, 0xff, 0xff,
    0xc0, 0x3, 0xff, 0xff, 0xfc, 0x0, 0x3f, 0xff,
    0xff, 0xc0, 0x3, 0xff, 0xff, 0xfc, 0x0, 0x3f,
    0xff, 0xff, 0xc0, 0x3, 0xff, 0xff, 0xfc, 0x0,
    0x3f, 0xff, 0xff, 0xc0, 0xff, 0xff, 0xff, 0xff,
    0xff, 0xff, 0xff, 0xff, 0xff, 0xff, 0xff, 0xff,
    0xff, 0xff, 0xff, 0xff, 0xff, 0xff, 0xff, 0xff,
    0xff, 0xff, 0xff, 0xff, 0xff, 0xff, 0xff,

    /* U+00A5 "¥" */
    0xff, 0xf0, 0x0, 0xff, 0xff, 0xff, 0x0, 0xf,
    0xff, 0xff, 0xf0, 0x0, 0xff, 0xff, 0xff, 0x0,
    0xf, 0xff, 0xff, 0xf0, 0x0, 0xff, 0xff, 0xff,
    0x0, 0xf, 0xff, 0x3, 0xff, 0xff, 0xfc, 0x0,
    0x3f, 0xff, 0xff, 0xc0, 0x3, 0xff, 0xff, 0xfc,
    0x0, 0x3f, 0xff, 0xff, 0xc0, 0x3, 0xff, 0xff,
    0xfc, 0x0, 0x3f, 0xff, 0xff, 0xc0, 0x0, 0xf,
    0xff, 0x0, 0x0, 0x0, 0xff, 0xf0, 0x0, 0x0,
    0xf, 0xff, 0x0, 0x0, 0x0, 0xff, 0xf0, 0x0,
    0x0, 0xf, 0xff, 0x0, 0x0, 0x0, 0xff, 0xf0,
    0x0, 0x3, 0xff, 0xff, 0xfc, 0x0, 0x3f, 0xff,
    0xff, 0xc0, 0x3, 0xff, 0xff, 0xfc, 0x0, 0x3f,
    0xff, 0xff, 0xc0, 0x3, 0xff, 0xff, 0xfc, 0x0,
    0x3f, 0xff, 0xff, 0xc0, 0x0, 0xf, 0xff, 0x0,
    0x0, 0x0, 0xff, 0xf0, 0x0, 0x0, 0xf, 0xff,
    0x0, 0x0, 0x0, 0xff, 0xf0, 0x0, 0x0, 0xf,
    0xff, 0x0, 0x0, 0x0, 0xff, 0xf0, 0x0,

    /* U+00A6 "¦" */
    0xff, 0xff, 0xff, 0xff, 0xff, 0xff, 0xff, 0xff,
    0xff, 0xff, 0xff, 0xff, 0xff, 0xff, 0xff, 0xff,
    0xff, 0xff, 0x0, 0x0, 0x0, 0x0, 0x0, 0x0,
    0x0, 0x0, 0x0, 0xff, 0xff, 0xff, 0xff, 0xff,
    0xff, 0xff, 0xff, 0xff, 0xff, 0xff, 0xff, 0xff,
    0xff, 0xff, 0xff, 0xff, 0xff,

    /* U+00A7 "§" */
    0x3, 0xff, 0xff, 0x0, 0xf, 0xff, 0xfc, 0x0,
    0x3f, 0xff, 0xf0, 0x0, 0xff, 0xff, 0xc0, 0x3,
    0xff, 0xff, 0x0, 0xf, 0xff, 0xfc, 0xf, 0xff,
    0x0, 0x0, 0x3f, 0xfc, 0x0, 0x0, 0xff, 0xf0,
    0x0, 0x3, 0xff, 0xc0, 0x0, 0xf, 0xff, 0x0,
    0x0, 0x3f, 0xfc, 0x0, 0x0, 0x3, 0xff, 0xff,
    0x0, 0xf, 0xff, 0xfc, 0x0, 0x3f, 0xff, 0xf0,
    0x0, 0xff, 0xff, 0xc0, 0x3, 0xff, 0xff, 0x0,
    0xf, 0xff, 0xfc, 0xf, 0xff, 0x3, 0xff, 0xff,
    0xfc, 0xf, 0xff, 0xff, 0xf0, 0x3f, 0xff, 0xff,
    0xc0, 0xff, 0xff, 0xff, 0x3, 0xff, 0xff, 0xfc,
    0xf, 0xff, 0x3, 0xff, 0xff, 0x0, 0xf, 0xff,
    0xfc, 0x0, 0x3f, 0xff, 0xf0, 0x0, 0xff, 0xff,
    0xc0, 0x3, 0xff, 0xff, 0x0, 0xf, 0xff, 0xfc,
    0x0, 0x0, 0x3, 0xff, 0xc0, 0x0, 0xf, 0xff,
    0x0, 0x0, 0x3f, 0xfc, 0x0, 0x0, 0xff, 0xf0,
    0x0, 0x3, 0xff, 0xc0, 0x0, 0xf, 0xff, 0x3,
    0xff, 0xff, 0x0, 0xf, 0xff, 0xfc, 0x0, 0x3f,
    0xff, 0xf0, 0x0, 0xff, 0xff, 0xc0, 0x3, 0xff,
    0xff, 0x0, 0xf, 0xff, 0xfc, 0x0,

    /* U+00A8 "¨" */
    0xff, 0xf0, 0x3f, 0xff, 0xff, 0xc0, 0xff, 0xff,
    0xff, 0x3, 0xff, 0xff, 0xfc, 0xf, 0xff, 0xff,
    0xf0, 0x3f, 0xff, 0xff, 0xc0, 0xff, 0xf0,

    /* U+00A9 "©" */
    0x3, 0xff, 0xff, 0xff, 0xff, 0xc0, 0x3, 0xff,
    0xff, 0xff, 0xff, 0xc0, 0x3, 0xff, 0xff, 0xff,
    0xff, 0xc0, 0x3, 0xff, 0xff, 0xff, 0xff, 0xc0,
    0x3, 0xff, 0xff, 0xff, 0xff, 0xc0, 0x3, 0xff,
    0xff, 0xff, 0xff, 0xc0, 0xff, 0xf0, 0x0, 0x0,
    0xf, 0xff, 0xff, 0xf0, 0x0, 0x0, 0xf, 0xff,
    0xff, 0xf0, 0x0, 0x0, 0xf, 0xff, 0xff, 0xf0,
    0x0, 0x0, 0xf, 0xff, 0xff, 0xf0, 0x0, 0x0,
    0xf, 0xff, 0xff, 0xf0, 0x0, 0x0, 0xf, 0xff,
    0xff, 0xff, 0xff, 0xff, 0xff, 0xff, 0xff, 0xff,
    0xff, 0xff, 0xff, 0xff, 0xff, 0xff, 0xff, 0xff,
    0xff, 0xff, 0xff, 0xff, 0xff, 0xff, 0xff, 0xff,
    0xff, 0xff, 0xff, 0xff, 0xff, 0xff, 0xff, 0xff,
    0xff, 0xff, 0xff, 0xff, 0xff, 0xff, 0xff, 0x0,
    0xf, 0xff, 0xff, 0xff, 0xff, 0x0, 0xf, 0xff,
    0xff, 0xff, 0xff, 0x0, 0xf, 0xff, 0xff, 0xff,
    0xff, 0x0, 0xf, 0xff, 0xff, 0xff, 0xff, 0x0,
    0xf, 0xff, 0xff, 0xff, 0xff, 0x0, 0xf, 0xff,
    0xff, 0xff, 0xff, 0xff, 0xff, 0xff, 0xff, 0xff,
    0xff, 0xff, 0xff, 0xff, 0xff, 0xff, 0xff, 0xff,
    0xff, 0xff, 0xff, 0xff, 0xff, 0xff, 0xff, 0xff,
    0xff, 0xff, 0xff, 0xff, 0xff, 0xff, 0xff, 0xff,
    0xff, 0xff, 0xff, 0xff, 0xff, 0xf0, 0x0, 0x0,
    0xf, 0xff, 0xff, 0xf0, 0x0, 0x0, 0xf, 0xff,
    0xff, 0xf0, 0x0, 0x0, 0xf, 0xff, 0xff, 0xf0,
    0x0, 0x0, 0xf, 0xff, 0xff, 0xf0, 0x0, 0x0,
    0xf, 0xff, 0xff, 0xf0, 0x0, 0x0, 0xf, 0xff,
    0x3, 0xff, 0xff, 0xff, 0xff, 0xc0, 0x3, 0xff,
    0xff, 0xff, 0xff, 0xc0, 0x3, 0xff, 0xff, 0xff,
    0xff, 0xc0, 0x3, 0xff, 0xff, 0xff, 0xff, 0xc0,
    0x3, 0xff, 0xff, 0xff, 0xff, 0xc0, 0x3, 0xff,
    0xff, 0xff, 0xff, 0xc0,

    /* U+00AA "ª" */
    0x3, 0xff, 0xc0, 0x3, 0xff, 0xc0, 0x3, 0xff,
    0xc0, 0x3, 0xff, 0xc0, 0x3, 0xff, 0xc0, 0x3,
    0xff, 0xc0, 0xff, 0xff, 0xff, 0xff, 0xff, 0xff,
    0xff, 0xff, 0xff, 0xff, 0xff, 0xff, 0xff, 0xff,
    0xff, 0xff, 0xff, 0xff, 0x3, 0xff, 0xff, 0x3,
    0xff, 0xff, 0x3, 0xff, 0xff, 0x3, 0xff, 0xff,
    0x3, 0xff, 0xff, 0x3, 0xff, 0xff,

    /* U+00AB "«" */
    0x3, 0xff, 0xc0, 0xff, 0xf0, 0x3f, 0xfc, 0xf,
    0xff, 0x3, 0xff, 0xc0, 0xff, 0xf0, 0x3f, 0xfc,
    0xf, 0xff, 0x3, 0xff, 0xc0, 0xff, 0xf0, 0x3f,
    0xfc, 0xf, 0xff, 0xff, 0xf0, 0x3f, 0xfc, 0xf,
    0xff, 0x3, 0xff, 0xc0, 0xff, 0xf0, 0x3f, 0xfc,
    0xf, 0xff, 0x3, 0xff, 0xc0, 0xff, 0xf0, 0x3f,
    0xfc, 0xf, 0xff, 0x3, 0xff, 0xc0, 0x3, 0xff,
    0xc0, 0xff, 0xf0, 0x3f, 0xfc, 0xf, 0xff, 0x3,
    0xff, 0xc0, 0xff, 0xf0, 0x3f, 0xfc, 0xf, 0xff,
    0x3, 0xff, 0xc0, 0xff, 0xf0, 0x3f, 0xfc, 0xf,
    0xff,

    /* U+00AC "¬" */
    0xff, 0xff, 0xff, 0xff, 0xff, 0xff, 0xff, 0xff,
    0xff, 0xff, 0xff, 0xff, 0xff, 0xff, 0xff, 0xff,
    0xff, 0xff, 0xff, 0xff, 0xff, 0xff, 0xf0, 0x0,
    0x3, 0xff, 0xc0, 0x0, 0xf, 0xff, 0x0, 0x0,
    0x3f, 0xfc, 0x0, 0x0, 0xff, 0xf0, 0x0, 0x3,
    0xff, 0xc0, 0x0, 0xf, 0xff,

    /* U+00AD "­" */
    0xff, 0xff, 0xff, 0xff, 0xff, 0xff, 0xff, 0xff,
    0xff, 0xff, 0xff, 0xff, 0xff, 0xff, 0xff, 0xff,
    0xff, 0xff,

    /* U+00AE "®" */
    0x3, 0xff, 0xff, 0xff, 0xff, 0xc0, 0x3, 0xff,
    0xff, 0xff, 0xff, 0xc0, 0x3, 0xff, 0xff, 0xff,
    0xff, 0xc0, 0x3, 0xff, 0xff, 0xff, 0xff, 0xc0,
    0x3, 0xff, 0xff, 0xff, 0xff, 0xc0, 0x3, 0xff,
    0xff, 0xff, 0xff, 0xc0, 0xff, 0xf0, 0x0, 0x0,
    0xf, 0xff, 0xff, 0xf0, 0x0, 0x0, 0xf, 0xff,
    0xff, 0xf0, 0x0, 0x0, 0xf, 0xff, 0xff, 0xf0,
    0x0, 0x0, 0xf, 0xff, 0xff, 0xf0, 0x0, 0x0,
    0xf, 0xff, 0xff, 0xf0, 0x0, 0x0, 0xf, 0xff,
    0xff, 0xf0, 0x3f, 0xff, 0xff, 0xff, 0xff, 0xf0,
    0x3f, 0xff, 0xff, 0xff, 0xff, 0xf0, 0x3f, 0xff,
    0xff, 0xff, 0xff, 0xf0, 0x3f, 0xff, 0xff, 0xff,
    0xff, 0xf0, 0x3f, 0xff, 0xff, 0xff, 0xff, 0xf0,
    0x3f, 0xff, 0xff, 0xff, 0xff, 0xff, 0xff, 0x0,
    0xf, 0xff, 0xff, 0xff, 0xff, 0x0, 0xf, 0xff,
    0xff, 0xff, 0xff, 0x0, 0xf, 0xff, 0xff, 0xff,
    0xff, 0x0, 0xf, 0xff, 0xff, 0xff, 0xff, 0x0,
    0xf, 0xff, 0xff, 0xff, 0xff, 0x0, 0xf, 0xff,
    0xff, 0xff, 0xff, 0x0, 0xf, 0xff, 0xff, 0xff,
    0xff, 0x0, 0xf, 0xff, 0xff, 0xff, 0xff, 0x0,
    0xf, 0xff, 0xff, 0xff, 0xff, 0x0, 0xf, 0xff,
    0xff, 0xff, 0xff, 0x0, 0xf, 0xff, 0xff, 0xff,
    0xff, 0x0, 0xf, 0xff, 0xff, 0xf0, 0x0, 0x0,
    0xf, 0xff, 0xff, 0xf0, 0x0, 0x0, 0xf, 0xff,
    0xff, 0xf0, 0x0, 0x0, 0xf, 0xff, 0xff, 0xf0,
    0x0, 0x0, 0xf, 0xff, 0xff, 0xf0, 0x0, 0x0,
    0xf, 0xff, 0xff, 0xf0, 0x0, 0x0, 0xf, 0xff,
    0x3, 0xff, 0xff, 0xff, 0xff, 0xc0, 0x3, 0xff,
    0xff, 0xff, 0xff, 0xc0, 0x3, 0xff, 0xff, 0xff,
    0xff, 0xc0, 0x3, 0xff, 0xff, 0xff, 0xff, 0xc0,
    0x3, 0xff, 0xff, 0xff, 0xff, 0xc0, 0x3, 0xff,
    0xff, 0xff, 0xff, 0xc0,

    /* U+00AF "¯" */
    0xff, 0xff, 0xff, 0xff, 0xff, 0xff, 0xff, 0xff,
    0xff, 0xff, 0xff, 0xff, 0xff, 0xff, 0xff, 0xff,
    0xff, 0xff, 0xff, 0xff, 0xff, 0xff, 0xf0,

    /* U+00B0 "°" */
    0x3, 0xff, 0xc0, 0x3, 0xff, 0xc0, 0x3, 0xff,
    0xc0, 0x3, 0xff, 0xc0, 0x3, 0xff, 0xc0, 0x3,
    0xff, 0xc0, 0xff, 0xff, 0xff, 0xff, 0xff, 0xff,
    0xff, 0xff, 0xff, 0xff, 0xff, 0xff, 0xff, 0xff,
    0xff, 0xff, 0xff, 0xff, 0x3, 0xff, 0xc0, 0x3,
    0xff, 0xc0, 0x3, 0xff, 0xc0, 0x3, 0xff, 0xc0,
    0x3, 0xff, 0xc0, 0x3, 0xff, 0xc0,

    /* U+00B1 "±" */
    0x0, 0xf, 0xff, 0x0, 0x0, 0x0, 0xff, 0xf0,
    0x0, 0x0, 0xf, 0xff, 0x0, 0x0, 0x0, 0xff,
    0xf0, 0x0, 0x0, 0xf, 0xff, 0x0, 0x0, 0x0,
    0xff, 0xf0, 0x0, 0x0, 0xf, 0xff, 0x0, 0x0,
    0x0, 0xff, 0xf0, 0x0, 0x0, 0xf, 0xff, 0x0,
    0x0, 0x0, 0xff, 0xf0, 0x0, 0x0, 0xf, 0xff,
    0x0, 0x0, 0x0, 0xff, 0xf0, 0x0, 0xff, 0xff,
    0xff, 0xff, 0xff, 0xff, 0xff, 0xff, 0xff, 0xff,
    0xff, 0xff, 0xff, 0xff, 0xff, 0xff, 0xff, 0xff,
    0xff, 0xff, 0xff, 0xff, 0xff, 0xff, 0xff, 0xff,
    0xff, 0x0, 0xf, 0xff, 0x0, 0x0, 0x0, 0xff,
    0xf0, 0x0, 0x0, 0xf, 0xff, 0x0, 0x0, 0x0,
    0xff, 0xf0, 0x0, 0x0, 0xf, 0xff, 0x0, 0x0,
    0x0, 0xff, 0xf0, 0x0, 0x0, 0xf, 0xff, 0x0,
    0x0, 0x0, 0xff, 0xf0, 0x0, 0x0, 0xf, 0xff,
    0x0, 0x0, 0x0, 0xff, 0xf0, 0x0, 0x0, 0xf,
    0xff, 0x0, 0x0, 0x0, 0xff, 0xf0, 0x0, 0xff,
    0xff, 0xff, 0xff, 0xff, 0xff, 0xff, 0xff, 0xff,
    0xff, 0xff, 0xff, 0xff, 0xff, 0xff, 0xff, 0xff,
    0xff, 0xff, 0xff, 0xff, 0xff, 0xff, 0xff, 0xff,
    0xff, 0xff,

    /* U+00B2 "²" */
    0xff, 0xff, 0xc0, 0xff, 0xff, 0xc0, 0xff, 0xff,
    0xc0, 0xff, 0xff, 0xc0, 0xff, 0xff, 0xc0, 0xff,
    0xff, 0xc0, 0x0, 0xf, 0xff, 0x0, 0xf, 0xff,
    0x0, 0xf, 0xff, 0x0, 0xf, 0xff, 0x0, 0xf,
    0xff, 0x0, 0xf, 0xff, 0x3, 0xff, 0xc0, 0x3,
    0xff, 0xc0, 0x3, 0xff, 0xc0, 0x3, 0xff, 0xc0,
    0x3, 0xff, 0xc0, 0x3, 0xff, 0xc0, 0xff, 0xff,
    0xff, 0xff, 0xff, 0xff, 0xff, 0xff, 0xff, 0xff,
    0xff, 0xff, 0xff, 0xff, 0xff, 0xff, 0xff, 0xff,

    /* U+00B3 "³" */
    0xff, 0xff, 0xc0, 0xff, 0xff, 0xc0, 0xff, 0xff,
    0xc0, 0xff, 0xff, 0xc0, 0xff, 0xff, 0xc0, 0xff,
    0xff, 0xc0, 0x3, 0xff, 0xff, 0x3, 0xff, 0xff,
    0x3, 0xff, 0xff, 0x3, 0xff, 0xff, 0x3, 0xff,
    0xff, 0x3, 0xff, 0xff, 0x0, 0xf, 0xff, 0x0,
    0xf, 0xff, 0x0, 0xf, 0xff, 0x0, 0xf, 0xff,
    0x0, 0xf, 0xff, 0x0, 0xf, 0xff, 0xff, 0xff,
    0xff, 0xff, 0xff, 0xff, 0xff, 0xff, 0xff, 0xff,
    0xff, 0xff, 0xff, 0xff, 0xff, 0xff, 0xff, 0xff,

    /* U+00B4 "´" */
    0x3, 0xff, 0xc0, 0xff, 0xf0, 0x3f, 0xfc, 0xf,
    0xff, 0x3, 0xff, 0xc0, 0xff, 0xff, 0xff, 0x3,
    0xff, 0xc0, 0xff, 0xf0, 0x3f, 0xfc, 0xf, 0xff,
    0x3, 0xff, 0xc0,

    /* U+00B5 "µ" */
    0xff, 0xf0, 0x3f, 0xff, 0xff, 0xc0, 0xff, 0xff,
    0xff, 0x3, 0xff, 0xff, 0xfc, 0xf, 0xff, 0xff,
    0xf0, 0x3f, 0xff, 0xff, 0xc0, 0xff, 0xff, 0xff,
    0x3, 0xff, 0xff, 0xfc, 0xf, 0xff, 0xff, 0xf0,
    0x3f, 0xff, 0xff, 0xc0, 0xff, 0xff, 0xff, 0x3,
    0xff, 0xff, 0xfc, 0xf, 0xff, 0xff, 0xf0, 0x3f,
    0xff, 0xff, 0xc0, 0xff, 0xff, 0xff, 0x3, 0xff,
    0xff, 0xfc, 0xf, 0xff, 0xff, 0xf0, 0x3f, 0xff,
    0xff, 0xc0, 0xff, 0xff, 0xff, 0x3, 0xff, 0xff,
    0xfc, 0xf, 0xff, 0xff, 0xf0, 0x3f, 0xff, 0xff,
    0xc0, 0xff, 0xff, 0xff, 0x3, 0xff, 0xff, 0xfc,
    0xf, 0xff, 0xff, 0xff, 0xff, 0x3, 0xff, 0xff,
    0xfc, 0xf, 0xff, 0xff, 0xf0, 0x3f, 0xff, 0xff,
    0xc0, 0xff, 0xff, 0xff, 0x3, 0xff, 0xff, 0xfc,
    0xf, 0xff, 0x0, 0x0, 0x3f, 0xfc, 0x0, 0x0,
    0xff, 0xf0, 0x0, 0x3, 0xff, 0xc0, 0x0, 0xf,
    0xff, 0x0, 0x0, 0x3f, 0xfc, 0x0, 0x0,

    /* U+00B6 "¶" */
    0x3, 0xff, 0xff, 0xff, 0xf0, 0x3f, 0xff, 0xff,
    0xff, 0x3, 0xff, 0xff, 0xff, 0xf0, 0x3f, 0xff,
    0xff, 0xff, 0x3, 0xff, 0xff, 0xff, 0xf0, 0x3f,
    0xff, 0xff, 0xff, 0xff, 0xff, 0xff, 0xff, 0xff,
    0xff, 0xff, 0xff, 0xff, 0xff, 0xff, 0xff, 0xff,
    0xff, 0xff, 0xff, 0xff, 0xff, 0xff, 0xff, 0xff,
    0xff, 0xff, 0xff, 0xff, 0xff, 0xff, 0x3, 0xff,
    0xff, 0xff, 0xf0, 0x3f, 0xff, 0xff, 0xff, 0x3,
    0xff, 0xff, 0xff, 0xf0, 0x3f, 0xff, 0xff, 0xff,
    0x3, 0xff, 0xff, 0xff, 0xf0, 0x3f, 0xff, 0xff,
    0xff, 0x0, 0xf, 0xff, 0xff, 0xf0, 0x0, 0xff,
    0xff, 0xff, 0x0, 0xf, 0xff, 0xff, 0xf0, 0x0,
    0xff, 0xff, 0xff, 0x0, 0xf, 0xff, 0xff, 0xf0,
    0x0, 0xff, 0xff, 0xff, 0x0, 0xf, 0xff, 0xff,
    0xf0, 0x0, 0xff, 0xff, 0xff, 0x0, 0xf, 0xff,
    0xff, 0xf0, 0x0, 0xff, 0xff, 0xff, 0x0, 0xf,
    0xff, 0xff, 0xf0, 0x0, 0xff, 0xff, 0xff,

    /* U+00B7 "·" */
    0xff, 0xff, 0xff, 0xff, 0xff, 0xff, 0xff, 0xff,
    0xff,

    /* U+00B8 "¸" */
    0x3, 0xff, 0xc0, 0xff, 0xf0, 0x3f, 0xfc, 0xf,
    0xff, 0x3, 0xff, 0xc0, 0xff, 0xff, 0xff, 0x3,
    0xff, 0xc0, 0xff, 0xf0, 0x3f, 0xfc, 0xf, 0xff,
    0x3, 0xff, 0xc0,

    /* U+00B9 "¹" */
    0xff, 0xff, 0xff, 0xff, 0xff, 0xff, 0xff, 0xff,
    0xff, 0xff, 0xff, 0xff, 0xff, 0xf0, 0x3f, 0xfc,
    0xf, 0xff, 0x3, 0xff, 0xc0, 0xff, 0xf0, 0x3f,
    0xfc, 0xf, 0xff, 0x3, 0xff, 0xc0, 0xff, 0xf0,
    0x3f, 0xfc, 0xf, 0xff, 0x3, 0xff, 0xc0, 0xff,
    0xf0, 0x3f, 0xfc, 0xf, 0xff, 0x3, 0xff, 0xc0,
    0xff, 0xf0, 0x3f, 0xfc, 0xf, 0xff,

    /* U+00BA "º" */
    0x3, 0xff, 0xc0, 0x3, 0xff, 0xc0, 0x3, 0xff,
    0xc0, 0x3, 0xff, 0xc0, 0x3, 0xff, 0xc0, 0x3,
    0xff, 0xc0, 0xff, 0xff, 0xff, 0xff, 0xff, 0xff,
    0xff, 0xff, 0xff, 0xff, 0xff, 0xff, 0xff, 0xff,
    0xff, 0xff, 0xff, 0xff, 0x3, 0xff, 0xc0, 0x3,
    0xff, 0xc0, 0x3, 0xff, 0xc0, 0x3, 0xff, 0xc0,
    0x3, 0xff, 0xc0, 0x3, 0xff, 0xc0,

    /* U+00BB "»" */
    0xff, 0xf0, 0x3f, 0xfc, 0xf, 0xff, 0x3, 0xff,
    0xc0, 0xff, 0xf0, 0x3f, 0xfc, 0xf, 0xff, 0x3,
    0xff, 0xc0, 0xff, 0xf0, 0x3f, 0xfc, 0xf, 0xff,
    0x3, 0xff, 0xc0, 0x3, 0xff, 0xc0, 0xff, 0xf0,
    0x3f, 0xfc, 0xf, 0xff, 0x3, 0xff, 0xc0, 0xff,
    0xf0, 0x3f, 0xfc, 0xf, 0xff, 0x3, 0xff, 0xc0,
    0xff, 0xf0, 0x3f, 0xfc, 0xf, 0xff, 0xff, 0xf0,
    0x3f, 0xfc, 0xf, 0xff, 0x3, 0xff, 0xc0, 0xff,
    0xf0, 0x3f, 0xfc, 0xf, 0xff, 0x3, 0xff, 0xc0,
    0xff, 0xf0, 0x3f, 0xfc, 0xf, 0xff, 0x3, 0xff,
    0xc0,

    /* U+00BC "¼" */
    0xff, 0xf0, 0x3f, 0xfc, 0x0, 0x0, 0xff, 0xf0,
    0x3f, 0xfc, 0x0, 0x0, 0xff, 0xf0, 0x3f, 0xfc,
    0x0, 0x0, 0xff, 0xf0, 0x3f, 0xfc, 0x0, 0x0,
    0xff, 0xf0, 0x3f, 0xfc, 0x0, 0x0, 0xff, 0xf0,
    0x3f, 0xfc, 0x0, 0x0, 0xff, 0xf0, 0x3f, 0xfc,
    0x0, 0x0, 0xff, 0xf0, 0x3f, 0xfc, 0x0, 0x0,
    0xff, 0xf0, 0x3f, 0xfc, 0x0, 0x0, 0xff, 0xf0,
    0x3f, 0xfc, 0x0, 0x0, 0xff, 0xf0, 0x3f, 0xfc,
    0x0, 0x0, 0xff, 0xf0, 0x3f, 0xfc, 0x0, 0x0,
    0xff, 0xff, 0xff, 0xff, 0xff, 0xff, 0xff, 0xff,
    0xff, 0xff, 0xff, 0xff, 0xff, 0xff, 0xff, 0xff,
    0xff, 0xff, 0xff, 0xff, 0xff, 0xff, 0xff, 0xff,
    0xff, 0xff, 0xff, 0xff, 0xff, 0xff, 0xff, 0xff,
    0xff, 0xff, 0xff, 0xff, 0x3, 0xff, 0xc0, 0xff,
    0xff, 0xff, 0x3, 0xff, 0xc0, 0xff, 0xff, 0xff,
    0x3, 0xff, 0xc0, 0xff, 0xff, 0xff, 0x3, 0xff,
    0xc0, 0xff, 0xff, 0xff, 0x3, 0xff, 0xc0, 0xff,
    0xff, 0xff, 0x3, 0xff, 0xc0, 0xff, 0xff, 0xff,
    0x3, 0xff, 0xc0, 0x0, 0xf, 0xff, 0x3, 0xff,
    0xc0, 0x0, 0xf, 0xff, 0x3, 0xff, 0xc0, 0x0,
    0xf, 0xff, 0x3, 0xff, 0xc0, 0x0, 0xf, 0xff,
    0x3, 0xff, 0xc0, 0x0, 0xf, 0xff, 0x3, 0xff,
    0xc0, 0x0, 0xf, 0xff,

    /* U+00BD "½" */
    0xff, 0xf0, 0x3f, 0xfc, 0x0, 0x0, 0xff, 0xf0,
    0x3f, 0xfc, 0x0, 0x0, 0xff, 0xf0, 0x3f, 0xfc,
    0x0, 0x0, 0xff, 0xf0, 0x3f, 0xfc, 0x0, 0x0,
    0xff, 0xf0, 0x3f, 0xfc, 0x0, 0x0, 0xff, 0xf0,
    0x3f, 0xfc, 0x0, 0x0, 0xff, 0xf0, 0x3f, 0xff,
    0xff, 0xc0, 0xff, 0xf0, 0x3f, 0xff, 0xff, 0xc0,
    0xff, 0xf0, 0x3f, 0xff, 0xff, 0xc0, 0xff, 0xf0,
    0x3f, 0xff, 0xff, 0xc0, 0xff, 0xf0, 0x3f, 0xff,
    0xff, 0xc0, 0xff, 0xf0, 0x3f, 0xff, 0xff, 0xc0,
    0xff, 0xff, 0xff, 0x0, 0xf, 0xff, 0xff, 0xff,
    0xff, 0x0, 0xf, 0xff, 0xff, 0xff, 0xff, 0x0,
    0xf, 0xff, 0xff, 0xff, 0xff, 0x0, 0xf, 0xff,
    0xff, 0xff, 0xff, 0x0, 0xf, 0xff, 0xff, 0xff,
    0xff, 0x0, 0xf, 0xff, 0x3, 0xff, 0xc0, 0x3,
    0xff, 0xc0, 0x3, 0xff, 0xc0, 0x3, 0xff, 0xc0,
    0x3, 0xff, 0xc0, 0x3, 0xff, 0xc0, 0x3, 0xff,
    0xc0, 0x3, 0xff, 0xc0, 0x3, 0xff, 0xc0, 0x3,
    0xff, 0xc0, 0x3, 0xff, 0xc0, 0x3, 0xff, 0xc0,
    0x3, 0xff, 0xc0, 0xff, 0xff, 0xff, 0x3, 0xff,
    0xc0, 0xff, 0xff, 0xff, 0x3, 0xff, 0xc0, 0xff,
    0xff, 0xff, 0x3, 0xff, 0xc0, 0xff, 0xff, 0xff,
    0x3, 0xff, 0xc0, 0xff, 0xff, 0xff, 0x3, 0xff,
    0xc0, 0xff, 0xff, 0xff,

    /* U+00BE "¾" */
    0xff, 0xff, 0xc0, 0xff, 0xf0, 0x0, 0x3, 0xff,
    0xff, 0x3, 0xff, 0xc0, 0x0, 0xf, 0xff, 0xfc,
    0xf, 0xff, 0x0, 0x0, 0x3f, 0xff, 0xf0, 0x3f,
    0xfc, 0x0, 0x0, 0xff, 0xff, 0xc0, 0xff, 0xf0,
    0x0, 0x3, 0xff, 0xff, 0x3, 0xff, 0xc0, 0x0,
    0x0, 0x3f, 0xff, 0xff, 0xff, 0x0, 0x0, 0x0,
    0xff, 0xff, 0xff, 0xfc, 0x0, 0x0, 0x3, 0xff,
    0xff, 0xff, 0xf0, 0x0, 0x0, 0xf, 0xff, 0xff,
    0xff, 0xc0, 0x0, 0x0, 0x3f, 0xff, 0xff, 0xff,
    0x0, 0x0, 0x0, 0xff, 0xff, 0xff, 0xfc, 0x0,
    0x0, 0x0, 0xf, 0xff, 0xff, 0xff, 0xff, 0xfc,
    0x0, 0x3f, 0xff, 0xff, 0xff, 0xff, 0xf0, 0x0,
    0xff, 0xff, 0xff, 0xff, 0xff, 0xc0, 0x3, 0xff,
    0xff, 0xff, 0xff, 0xff, 0x0, 0xf, 0xff, 0xff,
    0xff, 0xff, 0xfc, 0x0, 0x3f, 0xff, 0xff, 0xff,
    0xff, 0xff, 0xff, 0xff, 0xf0, 0x3f, 0xff, 0xff,
    0xff, 0xff, 0xff, 0xc0, 0xff, 0xff, 0xff, 0xff,
    0xff, 0xff, 0x3, 0xff, 0xff, 0xff, 0xff, 0xff,
    0xfc, 0xf, 0xff, 0xff, 0xff, 0xff, 0xff, 0xf0,
    0x3f, 0xff, 0xff, 0xff, 0xff, 0xff, 0xc0, 0xff,
    0xff, 0xff, 0x0, 0xf, 0xff, 0x0, 0x0, 0x3f,
    0xfc, 0x0, 0x3f, 0xfc, 0x0, 0x0, 0xff, 0xf0,
    0x0, 0xff, 0xf0, 0x0, 0x3, 0xff, 0xc0, 0x3,
    0xff, 0xc0, 0x0, 0xf, 0xff, 0x0, 0xf, 0xff,
    0x0, 0x0, 0x3f, 0xfc, 0x0, 0x3f, 0xfc, 0x0,
    0x0, 0xff, 0xf0,

    /* U+00BF "¿" */
    0x0, 0xf, 0xff, 0x0, 0x0, 0x3f, 0xfc, 0x0,
    0x0, 0xff, 0xf0, 0x0, 0x3, 0xff, 0xc0, 0x0,
    0xf, 0xff, 0x0, 0x0, 0x3f, 0xfc, 0x0, 0x0,
    0x0, 0x0, 0x0, 0x0, 0x0, 0x0, 0x0, 0x0,
    0x0, 0x0, 0x0, 0x0, 0x0, 0x0, 0x0, 0x0,
    0x0, 0x0, 0x0, 0x0, 0x0, 0x3, 0xff, 0xff,
    0x0, 0xf, 0xff, 0xfc, 0x0, 0x3f, 0xff, 0xf0,
    0x0, 0xff, 0xff, 0xc0, 0x3, 0xff, 0xff, 0x0,
    0xf, 0xff, 0xfc, 0xf, 0xff, 0x0, 0x0, 0x3f,
    0xfc, 0x0, 0x0, 0xff, 0xf0, 0x0, 0x3, 0xff,
    0xc0, 0x0, 0xf, 0xff, 0x0, 0x0, 0x3f, 0xfc,
    0x0, 0x0, 0x3, 0xff, 0xff, 0xfc, 0xf, 0xff,
    0xff, 0xf0, 0x3f, 0xff, 0xff, 0xc0, 0xff, 0xff,
    0xff, 0x3, 0xff, 0xff, 0xfc, 0xf, 0xff, 0xff,
    0xf0,

    /* U+00C0 "À" */
    0x3, 0xff, 0xc0, 0x0, 0xf, 0xff, 0x0, 0x0,
    0x3f, 0xfc, 0x0, 0x0, 0xff, 0xf0, 0x0, 0x3,
    0xff, 0xc0, 0x0, 0xf, 0xff, 0x0, 0x0, 0x0,
    0xff, 0xf0, 0x0, 0x3, 0xff, 0xc0, 0x0, 0xf,
    0xff, 0x0, 0x0, 0x3f, 0xfc, 0x0, 0x0, 0xff,
    0xf0, 0x0, 0x3, 0xff, 0xc0, 0x0, 0x0, 0x0,
    0x0, 0x0, 0x0, 0x0, 0x0, 0x0, 0x0, 0x0,
    0x0, 0x0, 0x0, 0x0, 0x0, 0x0, 0x0, 0x0,
    0x0, 0x0, 0x0, 0x0, 0x3f, 0xff, 0xf0, 0x0,
    0xff, 0xff, 0xc0, 0x3, 0xff, 0xff, 0x0, 0xf,
    0xff, 0xfc, 0x0, 0x3f, 0xff, 0xf0, 0x0, 0xff,
    0xff, 0xc0, 0xff, 0xf0, 0x3f, 0xff, 0xff, 0xc0,
    0xff, 0xff, 0xff, 0x3, 0xff, 0xff, 0xfc, 0xf,
    0xff, 0xff, 0xf0, 0x3f, 0xff, 0xff, 0xc0, 0xff,
    0xff, 0xff, 0xff, 0xff, 0xff, 0xff, 0xff, 0xff,
    0xff, 0xff, 0xff, 0xff, 0xff, 0xff, 0xff, 0xff,
    0xff, 0xff, 0xff, 0xff, 0xff, 0xff, 0xff, 0xff,
    0xf0, 0x3f, 0xff, 0xff, 0xc0, 0xff, 0xff, 0xff,
    0x3, 0xff, 0xff, 0xfc, 0xf, 0xff, 0xff, 0xf0,
    0x3f, 0xff, 0xff, 0xc0, 0xff, 0xff, 0xff, 0x3,
    0xff, 0xff, 0xfc, 0xf, 0xff, 0xff, 0xf0, 0x3f,
    0xff, 0xff, 0xc0, 0xff, 0xff, 0xff, 0x3, 0xff,
    0xff, 0xfc, 0xf, 0xff,

    /* U+00C1 "Á" */
    0x0, 0xf, 0xff, 0x0, 0x0, 0x3f, 0xfc, 0x0,
    0x0, 0xff, 0xf0, 0x0, 0x3, 0xff, 0xc0, 0x0,
    0xf, 0xff, 0x0, 0x0, 0x3f, 0xfc, 0x0, 0x3f,
    0xfc, 0x0, 0x0, 0xff, 0xf0, 0x0, 0x3, 0xff,
    0xc0, 0x0, 0xf, 0xff, 0x0, 0x0, 0x3f, 0xfc,
    0x0, 0x0, 0xff, 0xf0, 0x0, 0x0, 0x0, 0x0,
    0x0, 0x0, 0x0, 0x0, 0x0, 0x0, 0x0, 0x0,
    0x0, 0x0, 0x0, 0x0, 0x0, 0x0, 0x0, 0x0,
    0x0, 0x0, 0x0, 0x0, 0x3f, 0xff, 0xf0, 0x0,
    0xff, 0xff, 0xc0, 0x3, 0xff, 0xff, 0x0, 0xf,
    0xff, 0xfc, 0x0, 0x3f, 0xff, 0xf0, 0x0, 0xff,
    0xff, 0xc0, 0xff, 0xf0, 0x3f, 0xff, 0xff, 0xc0,
    0xff, 0xff, 0xff, 0x3, 0xff, 0xff, 0xfc, 0xf,
    0xff, 0xff, 0xf0, 0x3f, 0xff, 0xff, 0xc0, 0xff,
    0xff, 0xff, 0xff, 0xff, 0xff, 0xff, 0xff, 0xff,
    0xff, 0xff, 0xff, 0xff, 0xff, 0xff, 0xff, 0xff,
    0xff, 0xff, 0xff, 0xff, 0xff, 0xff, 0xff, 0xff,
    0xf0, 0x3f, 0xff, 0xff, 0xc0, 0xff, 0xff, 0xff,
    0x3, 0xff, 0xff, 0xfc, 0xf, 0xff, 0xff, 0xf0,
    0x3f, 0xff, 0xff, 0xc0, 0xff, 0xff, 0xff, 0x3,
    0xff, 0xff, 0xfc, 0xf, 0xff, 0xff, 0xf0, 0x3f,
    0xff, 0xff, 0xc0, 0xff, 0xff, 0xff, 0x3, 0xff,
    0xff, 0xfc, 0xf, 0xff,

    /* U+00C2 "Â" */
    0x3, 0xff, 0xff, 0x0, 0xf, 0xff, 0xfc, 0x0,
    0x3f, 0xff, 0xf0, 0x0, 0xff, 0xff, 0xc0, 0x3,
    0xff, 0xff, 0x0, 0xf, 0xff, 0xfc, 0xf, 0xff,
    0x3, 0xff, 0xff, 0xfc, 0xf, 0xff, 0xff, 0xf0,
    0x3f, 0xff, 0xff, 0xc0, 0xff, 0xff, 0xff, 0x3,
    0xff, 0xff, 0xfc, 0xf, 0xff, 0x0, 0x0, 0x0,
    0x0, 0x0, 0x0, 0x0, 0x0, 0x0, 0x0, 0x0,
    0x0, 0x0, 0x0, 0x0, 0x0, 0x0, 0x0, 0x0,
    0x0, 0x0, 0x0, 0x0, 0x3f, 0xff, 0xf0, 0x0,
    0xff, 0xff, 0xc0, 0x3, 0xff, 0xff, 0x0, 0xf,
    0xff, 0xfc, 0x0, 0x3f, 0xff, 0xf0, 0x0, 0xff,
    0xff, 0xc0, 0xff, 0xf0, 0x3f, 0xff, 0xff, 0xc0,
    0xff, 0xff, 0xff, 0x3, 0xff, 0xff, 0xfc, 0xf,
    0xff, 0xff, 0xf0, 0x3f, 0xff, 0xff, 0xc0, 0xff,
    0xff, 0xff, 0xff, 0xff, 0xff, 0xff, 0xff, 0xff,
    0xff, 0xff, 0xff, 0xff, 0xff, 0xff, 0xff, 0xff,
    0xff, 0xff, 0xff, 0xff, 0xff, 0xff, 0xff, 0xff,
    0xf0, 0x3f, 0xff, 0xff, 0xc0, 0xff, 0xff, 0xff,
    0x3, 0xff, 0xff, 0xfc, 0xf, 0xff, 0xff, 0xf0,
    0x3f, 0xff, 0xff, 0xc0, 0xff, 0xff, 0xff, 0x3,
    0xff, 0xff, 0xfc, 0xf, 0xff, 0xff, 0xf0, 0x3f,
    0xff, 0xff, 0xc0, 0xff, 0xff, 0xff, 0x3, 0xff,
    0xff, 0xfc, 0xf, 0xff,

    /* U+00C3 "Ã" */
    0x3, 0xff, 0xff, 0xfc, 0xf, 0xff, 0xff, 0xf0,
    0x3f, 0xff, 0xff, 0xc0, 0xff, 0xff, 0xff, 0x3,
    0xff, 0xff, 0xfc, 0xf, 0xff, 0xff, 0xff, 0xff,
    0xff, 0xf0, 0x3f, 0xff, 0xff, 0xc0, 0xff, 0xff,
    0xff, 0x3, 0xff, 0xff, 0xfc, 0xf, 0xff, 0xff,
    0xf0, 0x3f, 0xff, 0xff, 0xc0, 0x0, 0x0, 0x0,
    0x0, 0x0, 0x0, 0x0, 0x0, 0x0, 0x0, 0x0,
    0x0, 0x0, 0x0, 0x0, 0x0, 0x0, 0x0, 0x0,
    0x0, 0x0, 0x0, 0x0, 0x3f, 0xff, 0xf0, 0x0,
    0xff, 0xff, 0xc0, 0x3, 0xff, 0xff, 0x0, 0xf,
    0xff, 0xfc, 0x0, 0x3f, 0xff, 0xf0, 0x0, 0xff,
    0xff, 0xc0, 0xff, 0xf0, 0x3f, 0xff, 0xff, 0xc0,
    0xff, 0xff, 0xff, 0x3, 0xff, 0xff, 0xfc, 0xf,
    0xff, 0xff, 0xf0, 0x3f, 0xff, 0xff, 0xc0, 0xff,
    0xff, 0xff, 0xff, 0xff, 0xff, 0xff, 0xff, 0xff,
    0xff, 0xff, 0xff, 0xff, 0xff, 0xff, 0xff, 0xff,
    0xff, 0xff, 0xff, 0xff, 0xff, 0xff, 0xff, 0xff,
    0xf0, 0x3f, 0xff, 0xff, 0xc0, 0xff, 0xff, 0xff,
    0x3, 0xff, 0xff, 0xfc, 0xf, 0xff, 0xff, 0xf0,
    0x3f, 0xff, 0xff, 0xc0, 0xff, 0xff, 0xff, 0x3,
    0xff, 0xff, 0xfc, 0xf, 0xff, 0xff, 0xf0, 0x3f,
    0xff, 0xff, 0xc0, 0xff, 0xff, 0xff, 0x3, 0xff,
    0xff, 0xfc, 0xf, 0xff,

    /* U+00C4 "Ä" */
    0xff, 0xf0, 0x3f, 0xff, 0xff, 0xc0, 0xff, 0xff,
    0xff, 0x3, 0xff, 0xff, 0xfc, 0xf, 0xff, 0xff,
    0xf0, 0x3f, 0xff, 0xff, 0xc0, 0xff, 0xf0, 0x0,
    0x0, 0x0, 0x0, 0x0, 0x0, 0x0, 0x0, 0x0,
    0x0, 0x0, 0x0, 0x0, 0x0, 0x0, 0x0, 0x0,
    0x0, 0x0, 0x0, 0x0, 0x0, 0x3, 0xff, 0xff,
    0x0, 0xf, 0xff, 0xfc, 0x0, 0x3f, 0xff, 0xf0,
    0x0, 0xff, 0xff, 0xc0, 0x3, 0xff, 0xff, 0x0,
    0xf, 0xff, 0xfc, 0xf, 0xff, 0x3, 0xff, 0xff,
    0xfc, 0xf, 0xff, 0xff, 0xf0, 0x3f, 0xff, 0xff,
    0xc0, 0xff, 0xff, 0xff, 0x3, 0xff, 0xff, 0xfc,
    0xf, 0xff, 0xff, 0xff, 0xff, 0xff, 0xff, 0xff,
    0xff, 0xff, 0xff, 0xff, 0xff, 0xff, 0xff, 0xff,
    0xff, 0xff, 0xff, 0xff, 0xff, 0xff, 0xff, 0xff,
    0xff, 0xff, 0x3, 0xff, 0xff, 0xfc, 0xf, 0xff,
    0xff, 0xf0, 0x3f, 0xff, 0xff, 0xc0, 0xff, 0xff,
    0xff, 0x3, 0xff, 0xff, 0xfc, 0xf, 0xff, 0xff,
    0xf0, 0x3f, 0xff, 0xff, 0xc0, 0xff, 0xff, 0xff,
    0x3, 0xff, 0xff, 0xfc, 0xf, 0xff, 0xff, 0xf0,
    0x3f, 0xff, 0xff, 0xc0, 0xff, 0xf0,

    /* U+00C5 "Å" */
    0xff, 0xf0, 0x3f, 0xff, 0xff, 0xc0, 0xff, 0xff,
    0xff, 0x3, 0xff, 0xff, 0xfc, 0xf, 0xff, 0xff,
    0xf0, 0x3f, 0xff, 0xff, 0xc0, 0xff, 0xf0, 0x3f,
    0xff, 0xf0, 0x0, 0xff, 0xff, 0xc0, 0x3, 0xff,
    0xff, 0x0, 0xf, 0xff, 0xfc, 0x0, 0x3f, 0xff,
    0xf0, 0x0, 0xff, 0xff, 0xc0, 0x0, 0x0, 0x0,
    0x0, 0x0, 0x0, 0x0, 0x0, 0x0, 0x0, 0x0,
    0x0, 0x0, 0x0, 0x0, 0x0, 0x0, 0x0, 0x0,
    0x0, 0x0, 0x0, 0x0, 0x3f, 0xff, 0xf0, 0x0,
    0xff, 0xff, 0xc0, 0x3, 0xff, 0xff, 0x0, 0xf,
    0xff, 0xfc, 0x0, 0x3f, 0xff, 0xf0, 0x0, 0xff,
    0xff, 0xc0, 0xff, 0xf0, 0x3f, 0xff, 0xff, 0xc0,
    0xff, 0xff, 0xff, 0x3, 0xff, 0xff, 0xfc, 0xf,
    0xff, 0xff, 0xf0, 0x3f, 0xff, 0xff, 0xc0, 0xff,
    0xff, 0xff, 0xff, 0xff, 0xff, 0xff, 0xff, 0xff,
    0xff, 0xff, 0xff, 0xff, 0xff, 0xff, 0xff, 0xff,
    0xff, 0xff, 0xff, 0xff, 0xff, 0xff, 0xff, 0xff,
    0xf0, 0x3f, 0xff, 0xff, 0xc0, 0xff, 0xff, 0xff,
    0x3, 0xff, 0xff, 0xfc, 0xf, 0xff, 0xff, 0xf0,
    0x3f, 0xff, 0xff, 0xc0, 0xff, 0xff, 0xff, 0x3,
    0xff, 0xff, 0xfc, 0xf, 0xff, 0xff, 0xf0, 0x3f,
    0xff, 0xff, 0xc0, 0xff, 0xff, 0xff, 0x3, 0xff,
    0xff, 0xfc, 0xf, 0xff,

    /* U+00C6 "Æ" */
    0x3, 0xff, 0xff, 0xff, 0xf0, 0x3f, 0xff, 0xff,
    0xff, 0x3, 0xff, 0xff, 0xff, 0xf0, 0x3f, 0xff,
    0xff, 0xff, 0x3, 0xff, 0xff, 0xff, 0xf0, 0x3f,
    0xff, 0xff, 0xff, 0xff, 0xff, 0xff, 0x0, 0xf,
    0xff, 0xff, 0xf0, 0x0, 0xff, 0xff, 0xff, 0x0,
    0xf, 0xff, 0xff, 0xf0, 0x0, 0xff, 0xff, 0xff,
    0x0, 0xf, 0xff, 0xff, 0xf0, 0x0, 0xff, 0xff,
    0xff, 0xff, 0xff, 0xff, 0xff, 0xff, 0xff, 0xff,
    0xff, 0xff, 0xff, 0xff, 0xff, 0xff, 0xff, 0xff,
    0xff, 0xff, 0xff, 0xff, 0xff, 0xff, 0xff, 0xff,
    0xff, 0xff, 0xff, 0xff, 0x0, 0xf, 0xff, 0xff,
    0xf0, 0x0, 0xff, 0xff, 0xff, 0x0, 0xf, 0xff,
    0xff, 0xf0, 0x0, 0xff, 0xff, 0xff, 0x0, 0xf,
    0xff, 0xff, 0xf0, 0x0, 0xff, 0xff, 0xff, 0xff,
    0xff, 0xff, 0xff, 0xff, 0xff, 0xff, 0xff, 0xff,
    0xff, 0xff, 0xff, 0xff, 0xff, 0xff, 0xff, 0xff,
    0xff, 0xff, 0xff, 0xff, 0xff, 0xff, 0xff,

    /* U+00C7 "Ç" */
    0x3, 0xff, 0xff, 0x0, 0xf, 0xff, 0xfc, 0x0,
    0x3f, 0xff, 0xf0, 0x0, 0xff, 0xff, 0xc0, 0x3,
    0xff, 0xff, 0x0, 0xf, 0xff, 0xfc, 0xf, 0xff,
    0x3, 0xff, 0xff, 0xfc, 0xf, 0xff, 0xff, 0xf0,
    0x3f, 0xff, 0xff, 0xc0, 0xff, 0xff, 0xff, 0x3,
    0xff, 0xff, 0xfc, 0xf, 0xff, 0xff, 0xf0, 0x0,
    0x3, 0xff, 0xc0, 0x0, 0xf, 0xff, 0x0, 0x0,
    0x3f, 0xfc, 0x0, 0x0, 0xff, 0xf0, 0x0, 0x3,
    0xff, 0xc0, 0x0, 0xf, 0xff, 0x3, 0xff, 0xff,
    0xfc, 0xf, 0xff, 0xff, 0xf0, 0x3f, 0xff, 0xff,
    0xc0, 0xff, 0xff, 0xff, 0x3, 0xff, 0xff, 0xfc,
    0xf, 0xff, 0x3, 0xff, 0xff, 0x0, 0xf, 0xff,
    0xfc, 0x0, 0x3f, 0xff, 0xf0, 0x0, 0xff, 0xff,
    0xc0, 0x3, 0xff, 0xff, 0x0, 0xf, 0xff, 0xfc,
    0x0, 0x3f, 0xfc, 0x0, 0x0, 0xff, 0xf0, 0x0,
    0x3, 0xff, 0xc0, 0x0, 0xf, 0xff, 0x0, 0x0,
    0x3f, 0xfc, 0x0, 0x0, 0xff, 0xf0, 0x0, 0xff,
    0xf0, 0x0, 0x3, 0xff, 0xc0, 0x0, 0xf, 0xff,
    0x0, 0x0, 0x3f, 0xfc, 0x0, 0x0, 0xff, 0xf0,
    0x0, 0x3, 0xff, 0xc0, 0x0, 0x0,

    /* U+00C8 "È" */
    0xff, 0xf0, 0x0, 0xff, 0xf0, 0x0, 0xff, 0xf0,
    0x0, 0xff, 0xf0, 0x0, 0xff, 0xf0, 0x0, 0xff,
    0xf0, 0x0, 0x3, 0xff, 0xc0, 0x3, 0xff, 0xc0,
    0x3, 0xff, 0xc0, 0x3, 0xff, 0xc0, 0x3, 0xff,
    0xc0, 0x3, 0xff, 0xc0, 0x0, 0x0, 0x0, 0x0,
    0x0, 0x0, 0x0, 0x0, 0x0, 0x0, 0x0, 0x0,
    0x0, 0x0, 0x0, 0x0, 0x0, 0x0, 0xff, 0xff,
    0xff, 0xff, 0xff, 0xff, 0xff, 0xff, 0xff, 0xff,
    0xff, 0xff, 0xff, 0xff, 0xff, 0xff, 0xff, 0xff,
    0xff, 0xf0, 0x0, 0xff, 0xf0, 0x0, 0xff, 0xf0,
    0x0, 0xff, 0xf0, 0x0, 0xff, 0xf0, 0x0, 0xff,
    0xf0, 0x0, 0xff, 0xff, 0xff, 0xff, 0xff, 0xff,
    0xff, 0xff, 0xff, 0xff, 0xff, 0xff, 0xff, 0xff,
    0xff, 0xff, 0xff, 0xff, 0xff, 0xf0, 0x0, 0xff,
    0xf0, 0x0, 0xff, 0xf0, 0x0, 0xff, 0xf0, 0x0,
    0xff, 0xf0, 0x0, 0xff, 0xf0, 0x0, 0xff, 0xff,
    0xff, 0xff, 0xff, 0xff, 0xff, 0xff, 0xff, 0xff,
    0xff, 0xff, 0xff, 0xff, 0xff, 0xff, 0xff, 0xff,

    /* U+00C9 "É" */
    0x0, 0xf, 0xff, 0x0, 0xf, 0xff, 0x0, 0xf,
    0xff, 0x0, 0xf, 0xff, 0x0, 0xf, 0xff, 0x0,
    0xf, 0xff, 0x3, 0xff, 0xc0, 0x3, 0xff, 0xc0,
    0x3, 0xff, 0xc0, 0x3, 0xff, 0xc0, 0x3, 0xff,
    0xc0, 0x3, 0xff, 0xc0, 0x0, 0x0, 0x0, 0x0,
    0x0, 0x0, 0x0, 0x0, 0x0, 0x0, 0x0, 0x0,
    0x0, 0x0, 0x0, 0x0, 0x0, 0x0, 0xff, 0xff,
    0xff, 0xff, 0xff, 0xff, 0xff, 0xff, 0xff, 0xff,
    0xff, 0xff, 0xff, 0xff, 0xff, 0xff, 0xff, 0xff,
    0xff, 0xf0, 0x0, 0xff, 0xf0, 0x0, 0xff, 0xf0,
    0x0, 0xff, 0xf0, 0x0, 0xff, 0xf0, 0x0, 0xff,
    0xf0, 0x0, 0xff, 0xff, 0xff, 0xff, 0xff, 0xff,
    0xff, 0xff, 0xff, 0xff, 0xff, 0xff, 0xff, 0xff,
    0xff, 0xff, 0xff, 0xff, 0xff, 0xf0, 0x0, 0xff,
    0xf0, 0x0, 0xff, 0xf0, 0x0, 0xff, 0xf0, 0x0,
    0xff, 0xf0, 0x0, 0xff, 0xf0, 0x0, 0xff, 0xff,
    0xff, 0xff, 0xff, 0xff, 0xff, 0xff, 0xff, 0xff,
    0xff, 0xff, 0xff, 0xff, 0xff, 0xff, 0xff, 0xff,

    /* U+00CA "Ê" */
    0x3, 0xff, 0xc0, 0x3, 0xff, 0xc0, 0x3, 0xff,
    0xc0, 0x3, 0xff, 0xc0, 0x3, 0xff, 0xc0, 0x3,
    0xff, 0xc0, 0xff, 0xff, 0xff, 0xff, 0xff, 0xff,
    0xff, 0xff, 0xff, 0xff, 0xff, 0xff, 0xff, 0xff,
    0xff, 0xff, 0xff, 0xff, 0x0, 0x0, 0x0, 0x0,
    0x0, 0x0, 0x0, 0x0, 0x0, 0x0, 0x0, 0x0,
    0x0, 0x0, 0x0, 0x0, 0x0, 0x0, 0xff, 0xff,
    0xff, 0xff, 0xff, 0xff, 0xff, 0xff, 0xff, 0xff,
    0xff, 0xff, 0xff, 0xff, 0xff, 0xff, 0xff, 0xff,
    0xff, 0xf0, 0x0, 0xff, 0xf0, 0x0, 0xff, 0xf0,
    0x0, 0xff, 0xf0, 0x0, 0xff, 0xf0, 0x0, 0xff,
    0xf0, 0x0, 0xff, 0xff, 0xff, 0xff, 0xff, 0xff,
    0xff, 0xff, 0xff, 0xff, 0xff, 0xff, 0xff, 0xff,
    0xff, 0xff, 0xff, 0xff, 0xff, 0xf0, 0x0, 0xff,
    0xf0, 0x0, 0xff, 0xf0, 0x0, 0xff, 0xf0, 0x0,
    0xff, 0xf0, 0x0, 0xff, 0xf0, 0x0, 0xff, 0xff,
    0xff, 0xff, 0xff, 0xff, 0xff, 0xff, 0xff, 0xff,
    0xff, 0xff, 0xff, 0xff, 0xff, 0xff, 0xff, 0xff,

    /* U+00CB "Ë" */
    0xff, 0xff, 0xff, 0xff, 0xff, 0xff, 0xff, 0xff,
    0xff, 0xff, 0xff, 0xff, 0xff, 0xff, 0xff, 0xff,
    0xff, 0xff, 0x0, 0x0, 0x0, 0x0, 0x0, 0x0,
    0x0, 0x0, 0x0, 0x0, 0x0, 0x0, 0x0, 0x0,
    0x0, 0x0, 0x0, 0x0, 0xff, 0xff, 0xff, 0xff,
    0xff, 0xff, 0xff, 0xff, 0xff, 0xff, 0xff, 0xff,
    0xff, 0xff, 0xff, 0xff, 0xff, 0xff, 0xff, 0xf0,
    0x0, 0xff, 0xf0, 0x0, 0xff, 0xf0, 0x0, 0xff,
    0xf0, 0x0, 0xff, 0xf0, 0x0, 0xff, 0xf0, 0x0,
    0xff, 0xff, 0xff, 0xff, 0xff, 0xff, 0xff, 0xff,
    0xff, 0xff, 0xff, 0xff, 0xff, 0xff, 0xff, 0xff,
    0xff, 0xff, 0xff, 0xf0, 0x0, 0xff, 0xf0, 0x0,
    0xff, 0xf0, 0x0, 0xff, 0xf0, 0x0, 0xff, 0xf0,
    0x0, 0xff, 0xf0, 0x0, 0xff, 0xff, 0xff, 0xff,
    0xff, 0xff, 0xff, 0xff, 0xff, 0xff, 0xff, 0xff,
    0xff, 0xff, 0xff, 0xff, 0xff, 0xff,

    /* U+00CC "Ì" */
    0xff, 0xf0, 0x3f, 0xfc, 0xf, 0xff, 0x3, 0xff,
    0xc0, 0xff, 0xf0, 0x3f, 0xfc, 0x0, 0x3f, 0xfc,
    0xf, 0xff, 0x3, 0xff, 0xc0, 0xff, 0xf0, 0x3f,
    0xfc, 0xf, 0xff, 0x0, 0x0, 0x0, 0x0, 0x0,
    0x0, 0x0, 0x0, 0x0, 0x0, 0x0, 0x0, 0x0,
    0x0, 0x3f, 0xfc, 0xf, 0xff, 0x3, 0xff, 0xc0,
    0xff, 0xf0, 0x3f, 0xfc, 0xf, 0xff, 0x3, 0xff,
    0xc0, 0xff, 0xf0, 0x3f, 0xfc, 0xf, 0xff, 0x3,
    0xff, 0xc0, 0xff, 0xf0, 0x3f, 0xfc, 0xf, 0xff,
    0x3, 0xff, 0xc0, 0xff, 0xf0, 0x3f, 0xfc, 0xf,
    0xff, 0x3, 0xff, 0xc0, 0xff, 0xf0, 0x3f, 0xfc,
    0xf, 0xff, 0x3, 0xff, 0xc0, 0xff, 0xf0, 0x3f,
    0xfc, 0xf, 0xff, 0x3, 0xff, 0xc0, 0xff, 0xf0,
    0x3f, 0xfc, 0xf, 0xff,

    /* U+00CD "Í" */
    0x3, 0xff, 0xc0, 0xff, 0xf0, 0x3f, 0xfc, 0xf,
    0xff, 0x3, 0xff, 0xc0, 0xff, 0xff, 0xff, 0x3,
    0xff, 0xc0, 0xff, 0xf0, 0x3f, 0xfc, 0xf, 0xff,
    0x3, 0xff, 0xc0, 0x0, 0x0, 0x0, 0x0, 0x0,
    0x0, 0x0, 0x0, 0x0, 0x0, 0x0, 0x0, 0x0,
    0xf, 0xff, 0x3, 0xff, 0xc0, 0xff, 0xf0, 0x3f,
    0xfc, 0xf, 0xff, 0x3, 0xff, 0xc0, 0xff, 0xf0,
    0x3f, 0xfc, 0xf, 0xff, 0x3, 0xff, 0xc0, 0xff,
    0xf0, 0x3f, 0xfc, 0xf, 0xff, 0x3, 0xff, 0xc0,
    0xff, 0xf0, 0x3f, 0xfc, 0xf, 0xff, 0x3, 0xff,
    0xc0, 0xff, 0xf0, 0x3f, 0xfc, 0xf, 0xff, 0x3,
    0xff, 0xc0, 0xff, 0xf0, 0x3f, 0xfc, 0xf, 0xff,
    0x3, 0xff, 0xc0, 0xff, 0xf0, 0x3f, 0xfc, 0xf,
    0xff, 0x3, 0xff, 0xc0,

    /* U+00CE "Î" */
    0x3, 0xff, 0xc0, 0x3, 0xff, 0xc0, 0x3, 0xff,
    0xc0, 0x3, 0xff, 0xc0, 0x3, 0xff, 0xc0, 0x3,
    0xff, 0xc0, 0xff, 0xff, 0xff, 0xff, 0xff, 0xff,
    0xff, 0xff, 0xff, 0xff, 0xff, 0xff, 0xff, 0xff,
    0xff, 0xff, 0xff, 0xff, 0x0, 0x0, 0x0, 0x0,
    0x0, 0x0, 0x0, 0x0, 0x0, 0x0, 0x0, 0x0,
    0x0, 0x0, 0x0, 0x0, 0x0, 0x0, 0x3, 0xff,
    0xc0, 0x3, 0xff, 0xc0, 0x3, 0xff, 0xc0, 0x3,
    0xff, 0xc0, 0x3, 0xff, 0xc0, 0x3, 0xff, 0xc0,
    0x3, 0xff, 0xc0, 0x3, 0xff, 0xc0, 0x3, 0xff,
    0xc0, 0x3, 0xff, 0xc0, 0x3, 0xff, 0xc0, 0x3,
    0xff, 0xc0, 0x3, 0xff, 0xc0, 0x3, 0xff, 0xc0,
    0x3, 0xff, 0xc0, 0x3, 0xff, 0xc0, 0x3, 0xff,
    0xc0, 0x3, 0xff, 0xc0, 0x3, 0xff, 0xc0, 0x3,
    0xff, 0xc0, 0x3, 0xff, 0xc0, 0x3, 0xff, 0xc0,
    0x3, 0xff, 0xc0, 0x3, 0xff, 0xc0, 0x3, 0xff,
    0xc0, 0x3, 0xff, 0xc0, 0x3, 0xff, 0xc0, 0x3,
    0xff, 0xc0, 0x3, 0xff, 0xc0, 0x3, 0xff, 0xc0,

    /* U+00CF "Ï" */
    0xff, 0xff, 0xff, 0xff, 0xff, 0xff, 0xff, 0xff,
    0xff, 0xff, 0xff, 0xff, 0xff, 0xff, 0xff, 0xff,
    0xff, 0xff, 0x0, 0x0, 0x0, 0x0, 0x0, 0x0,
    0x0, 0x0, 0x0, 0x0, 0x0, 0x0, 0x0, 0x0,
    0x0, 0x0, 0x0, 0x0, 0x3, 0xff, 0xc0, 0x3,
    0xff, 0xc0, 0x3, 0xff, 0xc0, 0x3, 0xff, 0xc0,
    0x3, 0xff, 0xc0, 0x3, 0xff, 0xc0, 0x3, 0xff,
    0xc0, 0x3, 0xff, 0xc0, 0x3, 0xff, 0xc0, 0x3,
    0xff, 0xc0, 0x3, 0xff, 0xc0, 0x3, 0xff, 0xc0,
    0x3, 0xff, 0xc0, 0x3, 0xff, 0xc0, 0x3, 0xff,
    0xc0, 0x3, 0xff, 0xc0, 0x3, 0xff, 0xc0, 0x3,
    0xff, 0xc0, 0x3, 0xff, 0xc0, 0x3, 0xff, 0xc0,
    0x3, 0xff, 0xc0, 0x3, 0xff, 0xc0, 0x3, 0xff,
    0xc0, 0x3, 0xff, 0xc0, 0x3, 0xff, 0xc0, 0x3,
    0xff, 0xc0, 0x3, 0xff, 0xc0, 0x3, 0xff, 0xc0,
    0x3, 0xff, 0xc0, 0x3, 0xff, 0xc0,

    /* U+00D0 "Ð" */
    0x3, 0xff, 0xff, 0xfc, 0x0, 0x3f, 0xff, 0xff,
    0xc0, 0x3, 0xff, 0xff, 0xfc, 0x0, 0x3f, 0xff,
    0xff, 0xc0, 0x3, 0xff, 0xff, 0xfc, 0x0, 0x3f,
    0xff, 0xff, 0xc0, 0x3, 0xff, 0xc0, 0xff, 0xf0,
    0x3f, 0xfc, 0xf, 0xff, 0x3, 0xff, 0xc0, 0xff,
    0xf0, 0x3f, 0xfc, 0xf, 0xff, 0x3, 0xff, 0xc0,
    0xff, 0xf0, 0x3f, 0xfc, 0xf, 0xff, 0xff, 0xff,
    0xff, 0xff, 0xff, 0xff, 0xff, 0xff, 0xff, 0xff,
    0xff, 0xff, 0xff, 0xff, 0xff, 0xff, 0xff, 0xff,
    0xff, 0xff, 0xff, 0xff, 0xff, 0xff, 0xff, 0xff,
    0xff, 0x3, 0xff, 0xc0, 0xff, 0xf0, 0x3f, 0xfc,
    0xf, 0xff, 0x3, 0xff, 0xc0, 0xff, 0xf0, 0x3f,
    0xfc, 0xf, 0xff, 0x3, 0xff, 0xc0, 0xff, 0xf0,
    0x3f, 0xfc, 0xf, 0xff, 0x3, 0xff, 0xff, 0xfc,
    0x0, 0x3f, 0xff, 0xff, 0xc0, 0x3, 0xff, 0xff,
    0xfc, 0x0, 0x3f, 0xff, 0xff, 0xc0, 0x3, 0xff,
    0xff, 0xfc, 0x0, 0x3f, 0xff, 0xff, 0xc0,

    /* U+00D1 "Ñ" */
    0x0, 0xf, 0xff, 0xff, 0xf0, 0x0, 0xff, 0xff,
    0xff, 0x0, 0xf, 0xff, 0xff, 0xf0, 0x0, 0xff,
    0xff, 0xff, 0x0, 0xf, 0xff, 0xff, 0xf0, 0x0,
    0xff, 0xff, 0xff, 0x3, 0xff, 0xff, 0xfc, 0x0,
    0x3f, 0xff, 0xff, 0xc0, 0x3, 0xff, 0xff, 0xfc,
    0x0, 0x3f, 0xff, 0xff, 0xc0, 0x3, 0xff, 0xff,
    0xfc, 0x0, 0x3f, 0xff, 0xff, 0xc0, 0x0, 0x0,
    0x0, 0x0, 0x0, 0x0, 0x0, 0x0, 0x0, 0x0,
    0x0, 0x0, 0x0, 0x0, 0x0, 0x0, 0x0, 0x0,
    0x0, 0x0, 0x0, 0x0, 0x0, 0x0, 0x0, 0x0,
    0x0, 0xff, 0xf0, 0x0, 0xff, 0xff, 0xff, 0x0,
    0xf, 0xff, 0xff, 0xf0, 0x0, 0xff, 0xff, 0xff,
    0x0, 0xf, 0xff, 0xff, 0xf0, 0x0, 0xff, 0xff,
    0xff, 0x0, 0xf, 0xff, 0xff, 0xff, 0xc0, 0xff,
    0xff, 0xff, 0xfc, 0xf, 0xff, 0xff, 0xff, 0xc0,
    0xff, 0xff, 0xff, 0xfc, 0xf, 0xff, 0xff, 0xff,
    0xc0, 0xff, 0xff, 0xff, 0xfc, 0xf, 0xff, 0xff,
    0xff, 0xff, 0xff, 0xff, 0xff, 0xff, 0xff, 0xff,
    0xff, 0xff, 0xff, 0xff, 0xff, 0xff, 0xff, 0xff,
    0xff, 0xff, 0xff, 0xff, 0xff, 0xff, 0xff, 0xff,
    0xff, 0xff, 0xff, 0xf0, 0x3f, 0xff, 0xff, 0xff,
    0x3, 0xff, 0xff, 0xff, 0xf0, 0x3f, 0xff, 0xff,
    0xff, 0x3, 0xff, 0xff, 0xff, 0xf0, 0x3f, 0xff,
    0xff, 0xff, 0x3, 0xff, 0xff, 0xff, 0xf0, 0x0,
    0xff, 0xff, 0xff, 0x0, 0xf, 0xff, 0xff, 0xf0,
    0x0, 0xff, 0xff, 0xff, 0x0, 0xf, 0xff, 0xff,
    0xf0, 0x0, 0xff, 0xff, 0xff, 0x0, 0xf, 0xff,

    /* U+00D2 "Ò" */
    0x3, 0xff, 0xc0, 0x0, 0xf, 0xff, 0x0, 0x0,
    0x3f, 0xfc, 0x0, 0x0, 0xff, 0xf0, 0x0, 0x3,
    0xff, 0xc0, 0x0, 0xf, 0xff, 0x0, 0x0, 0x0,
    0xff, 0xf0, 0x0, 0x3, 0xff, 0xc0, 0x0, 0xf,
    0xff, 0x0, 0x0, 0x3f, 0xfc, 0x0, 0x0, 0xff,
    0xf0, 0x0, 0x3, 0xff, 0xc0, 0x0, 0x0, 0x0,
    0x0, 0x0, 0x0, 0x0, 0x0, 0x0, 0x0, 0x0,
    0x0, 0x0, 0x0, 0x0, 0x0, 0x0, 0x0, 0x0,
    0x0, 0x0, 0x0, 0x0, 0x3f, 0xff, 0xf0, 0x0,
    0xff, 0xff, 0xc0, 0x3, 0xff, 0xff, 0x0, 0xf,
    0xff, 0xfc, 0x0, 0x3f, 0xff, 0xf0, 0x0, 0xff,
    0xff, 0xc0, 0xff, 0xf0, 0x3f, 0xff, 0xff, 0xc0,
    0xff, 0xff, 0xff, 0x3, 0xff, 0xff, 0xfc, 0xf,
    0xff, 0xff, 0xf0, 0x3f, 0xff, 0xff, 0xc0, 0xff,
    0xff, 0xff, 0x3, 0xff, 0xff, 0xfc, 0xf, 0xff,
    0xff, 0xf0, 0x3f, 0xff, 0xff, 0xc0, 0xff, 0xff,
    0xff, 0x3, 0xff, 0xff, 0xfc, 0xf, 0xff, 0xff,
    0xf0, 0x3f, 0xff, 0xff, 0xc0, 0xff, 0xff, 0xff,
    0x3, 0xff, 0xff, 0xfc, 0xf, 0xff, 0xff, 0xf0,
    0x3f, 0xff, 0xff, 0xc0, 0xff, 0xf0, 0x3f, 0xff,
    0xf0, 0x0, 0xff, 0xff, 0xc0, 0x3, 0xff, 0xff,
    0x0, 0xf, 0xff, 0xfc, 0x0, 0x3f, 0xff, 0xf0,
    0x0, 0xff, 0xff, 0xc0,

    /* U+00D3 "Ó" */
    0x0, 0xf, 0xff, 0x0, 0x0, 0x3f, 0xfc, 0x0,
    0x0, 0xff, 0xf0, 0x0, 0x3, 0xff, 0xc0, 0x0,
    0xf, 0xff, 0x0, 0x0, 0x3f, 0xfc, 0x0, 0x3f,
    0xfc, 0x0, 0x0, 0xff, 0xf0, 0x0, 0x3, 0xff,
    0xc0, 0x0, 0xf, 0xff, 0x0, 0x0, 0x3f, 0xfc,
    0x0, 0x0, 0xff, 0xf0, 0x0, 0x0, 0x0, 0x0,
    0x0, 0x0, 0x0, 0x0, 0x0, 0x0, 0x0, 0x0,
    0x0, 0x0, 0x0, 0x0, 0x0, 0x0, 0x0, 0x0,
    0x0, 0x0, 0x0, 0x0, 0x3f, 0xff, 0xf0, 0x0,
    0xff, 0xff, 0xc0, 0x3, 0xff, 0xff, 0x0, 0xf,
    0xff, 0xfc, 0x0, 0x3f, 0xff, 0xf0, 0x0, 0xff,
    0xff, 0xc0, 0xff, 0xf0, 0x3f, 0xff, 0xff, 0xc0,
    0xff, 0xff, 0xff, 0x3, 0xff, 0xff, 0xfc, 0xf,
    0xff, 0xff, 0xf0, 0x3f, 0xff, 0xff, 0xc0, 0xff,
    0xff, 0xff, 0x3, 0xff, 0xff, 0xfc, 0xf, 0xff,
    0xff, 0xf0, 0x3f, 0xff, 0xff, 0xc0, 0xff, 0xff,
    0xff, 0x3, 0xff, 0xff, 0xfc, 0xf, 0xff, 0xff,
    0xf0, 0x3f, 0xff, 0xff, 0xc0, 0xff, 0xff, 0xff,
    0x3, 0xff, 0xff, 0xfc, 0xf, 0xff, 0xff, 0xf0,
    0x3f, 0xff, 0xff, 0xc0, 0xff, 0xf0, 0x3f, 0xff,
    0xf0, 0x0, 0xff, 0xff, 0xc0, 0x3, 0xff, 0xff,
    0x0, 0xf, 0xff, 0xfc, 0x0, 0x3f, 0xff, 0xf0,
    0x0, 0xff, 0xff, 0xc0,

    /* U+00D4 "Ô" */
    0x3, 0xff, 0xff, 0x0, 0xf, 0xff, 0xfc, 0x0,
    0x3f, 0xff, 0xf0, 0x0, 0xff, 0xff, 0xc0, 0x3,
    0xff, 0xff, 0x0, 0xf, 0xff, 0xfc, 0xf, 0xff,
    0x3, 0xff, 0xff, 0xfc, 0xf, 0xff, 0xff, 0xf0,
    0x3f, 0xff, 0xff, 0xc0, 0xff, 0xff, 0xff, 0x3,
    0xff, 0xff, 0xfc, 0xf, 0xff, 0x0, 0x0, 0x0,
    0x0, 0x0, 0x0, 0x0, 0x0, 0x0, 0x0, 0x0,
    0x0, 0x0, 0x0, 0x0, 0x0, 0x0, 0x0, 0x0,
    0x0, 0x0, 0x0, 0x0, 0x3f, 0xff, 0xf0, 0x0,
    0xff, 0xff, 0xc0, 0x3, 0xff, 0xff, 0x0, 0xf,
    0xff, 0xfc, 0x0, 0x3f, 0xff, 0xf0, 0x0, 0xff,
    0xff, 0xc0, 0xff, 0xf0, 0x3f, 0xff, 0xff, 0xc0,
    0xff, 0xff, 0xff, 0x3, 0xff, 0xff, 0xfc, 0xf,
    0xff, 0xff, 0xf0, 0x3f, 0xff, 0xff, 0xc0, 0xff,
    0xff, 0xff, 0x3, 0xff, 0xff, 0xfc, 0xf, 0xff,
    0xff, 0xf0, 0x3f, 0xff, 0xff, 0xc0, 0xff, 0xff,
    0xff, 0x3, 0xff, 0xff, 0xfc, 0xf, 0xff, 0xff,
    0xf0, 0x3f, 0xff, 0xff, 0xc0, 0xff, 0xff, 0xff,
    0x3, 0xff, 0xff, 0xfc, 0xf, 0xff, 0xff, 0xf0,
    0x3f, 0xff, 0xff, 0xc0, 0xff, 0xf0, 0x3f, 0xff,
    0xf0, 0x0, 0xff, 0xff, 0xc0, 0x3, 0xff, 0xff,
    0x0, 0xf, 0xff, 0xfc, 0x0, 0x3f, 0xff, 0xf0,
    0x0, 0xff, 0xff, 0xc0,

    /* U+00D5 "Õ" */
    0x3, 0xff, 0xff, 0xfc, 0xf, 0xff, 0xff, 0xf0,
    0x3f, 0xff, 0xff, 0xc0, 0xff, 0xff, 0xff, 0x3,
    0xff, 0xff, 0xfc, 0xf, 0xff, 0xff, 0xff, 0xff,
    0xff, 0xf0, 0x3f, 0xff, 0xff, 0xc0, 0xff, 0xff,
    0xff, 0x3, 0xff, 0xff, 0xfc, 0xf, 0xff, 0xff,
    0xf0, 0x3f, 0xff, 0xff, 0xc0, 0x0, 0x0, 0x0,
    0x0, 0x0, 0x0, 0x0, 0x0, 0x0, 0x0, 0x0,
    0x0, 0x0, 0x0, 0x0, 0x0, 0x0, 0x0, 0x0,
    0x0, 0x0, 0x0, 0x0, 0x3f, 0xff, 0xf0, 0x0,
    0xff, 0xff, 0xc0, 0x3, 0xff, 0xff, 0x0, 0xf,
    0xff, 0xfc, 0x0, 0x3f, 0xff, 0xf0, 0x0, 0xff,
    0xff, 0xc0, 0xff, 0xf0, 0x3f, 0xff, 0xff, 0xc0,
    0xff, 0xff, 0xff, 0x3, 0xff, 0xff, 0xfc, 0xf,
    0xff, 0xff, 0xf0, 0x3f, 0xff, 0xff, 0xc0, 0xff,
    0xff, 0xff, 0x3, 0xff, 0xff, 0xfc, 0xf, 0xff,
    0xff, 0xf0, 0x3f, 0xff, 0xff, 0xc0, 0xff, 0xff,
    0xff, 0x3, 0xff, 0xff, 0xfc, 0xf, 0xff, 0xff,
    0xf0, 0x3f, 0xff, 0xff, 0xc0, 0xff, 0xff, 0xff,
    0x3, 0xff, 0xff, 0xfc, 0xf, 0xff, 0xff, 0xf0,
    0x3f, 0xff, 0xff, 0xc0, 0xff, 0xf0, 0x3f, 0xff,
    0xf0, 0x0, 0xff, 0xff, 0xc0, 0x3, 0xff, 0xff,
    0x0, 0xf, 0xff, 0xfc, 0x0, 0x3f, 0xff, 0xf0,
    0x0, 0xff, 0xff, 0xc0,

    /* U+00D6 "Ö" */
    0xff, 0xf0, 0x3f, 0xff, 0xff, 0xc0, 0xff, 0xff,
    0xff, 0x3, 0xff, 0xff, 0xfc, 0xf, 0xff, 0xff,
    0xf0, 0x3f, 0xff, 0xff, 0xc0, 0xff, 0xf0, 0x0,
    0x0, 0x0, 0x0, 0x0, 0x0, 0x0, 0x0, 0x0,
    0x0, 0x0, 0x0, 0x0, 0x0, 0x0, 0x0, 0x0,
    0x0, 0x0, 0x0, 0x0, 0x0, 0x3, 0xff, 0xff,
    0x0, 0xf, 0xff, 0xfc, 0x0, 0x3f, 0xff, 0xf0,
    0x0, 0xff, 0xff, 0xc0, 0x3, 0xff, 0xff, 0x0,
    0xf, 0xff, 0xfc, 0xf, 0xff, 0x3, 0xff, 0xff,
    0xfc, 0xf, 0xff, 0xff, 0xf0, 0x3f, 0xff, 0xff,
    0xc0, 0xff, 0xff, 0xff, 0x3, 0xff, 0xff, 0xfc,
    0xf, 0xff, 0xff, 0xf0, 0x3f, 0xff, 0xff, 0xc0,
    0xff, 0xff, 0xff, 0x3, 0xff, 0xff, 0xfc, 0xf,
    0xff, 0xff, 0xf0, 0x3f, 0xff, 0xff, 0xc0, 0xff,
    0xff, 0xff, 0x3, 0xff, 0xff, 0xfc, 0xf, 0xff,
    0xff, 0xf0, 0x3f, 0xff, 0xff, 0xc0, 0xff, 0xff,
    0xff, 0x3, 0xff, 0xff, 0xfc, 0xf, 0xff, 0x3,
    0xff, 0xff, 0x0, 0xf, 0xff, 0xfc, 0x0, 0x3f,
    0xff, 0xf0, 0x0, 0xff, 0xff, 0xc0, 0x3, 0xff,
    0xff, 0x0, 0xf, 0xff, 0xfc, 0x0,

    /* U+00D7 "×" */
    0xff, 0xff, 0xff, 0xff, 0xff, 0xff, 0xff, 0xff,
    0xff, 0xff, 0xff, 0xff, 0xff, 0xff, 0xff, 0xff,
    0xff, 0xff, 0x3, 0xff, 0xc0, 0x3, 0xff, 0xc0,
    0x3, 0xff, 0xc0, 0x3, 0xff, 0xc0, 0x3, 0xff,
    0xc0, 0x3, 0xff, 0xc0, 0xff, 0xff, 0xff, 0xff,
    0xff, 0xff, 0xff, 0xff, 0xff, 0xff, 0xff, 0xff,
    0xff, 0xff, 0xff, 0xff, 0xff, 0xff,

    /* U+00D8 "Ø" */
    0x3, 0xff, 0xff, 0xfc, 0x0, 0x3f, 0xff, 0xff,
    0xc0, 0x3, 0xff, 0xff, 0xfc, 0x0, 0x3f, 0xff,
    0xff, 0xc0, 0x3, 0xff, 0xff, 0xfc, 0x0, 0x3f,
    0xff, 0xff, 0xc0, 0xff, 0xf0, 0x3f, 0xff, 0xff,
    0xff, 0x3, 0xff, 0xff, 0xff, 0xf0, 0x3f, 0xff,
    0xff, 0xff, 0x3, 0xff, 0xff, 0xff, 0xf0, 0x3f,
    0xff, 0xff, 0xff, 0x3, 0xff, 0xff, 0xff, 0xff,
    0xff, 0xff, 0xff, 0xff, 0xff, 0xff, 0xff, 0xff,
    0xff, 0xff, 0xff, 0xff, 0xff, 0xff, 0xff, 0xff,
    0xff, 0xff, 0xff, 0xff, 0xff, 0xff, 0xff, 0xff,
    0xff, 0xff, 0xff, 0xc0, 0xff, 0xff, 0xff, 0xfc,
    0xf, 0xff, 0xff, 0xff, 0xc0, 0xff, 0xff, 0xff,
    0xfc, 0xf, 0xff, 0xff, 0xff, 0xc0, 0xff, 0xff,
    0xff, 0xfc, 0xf, 0xff, 0x3, 0xff, 0xff, 0xfc,
    0x0, 0x3f, 0xff, 0xff, 0xc0, 0x3, 0xff, 0xff,
    0xfc, 0x0, 0x3f, 0xff, 0xff, 0xc0, 0x3, 0xff,
    0xff, 0xfc, 0x0, 0x3f, 0xff, 0xff, 0xc0,

    /* U+00D9 "Ù" */
    0x3, 0xff, 0xc0, 0x0, 0xf, 0xff, 0x0, 0x0,
    0x3f, 0xfc, 0x0, 0x0, 0xff, 0xf0, 0x0, 0x3,
    0xff, 0xc0, 0x0, 0xf, 0xff, 0x0, 0x0, 0x0,
    0xff, 0xf0, 0x0, 0x3, 0xff, 0xc0, 0x0, 0xf,
    0xff, 0x0, 0x0, 0x3f, 0xfc, 0x0, 0x0, 0xff,
    0xf0, 0x0, 0x3, 0xff, 0xc0, 0x0, 0x0, 0x0,
    0x0, 0x0, 0x0, 0x0, 0x0, 0x0, 0x0, 0x0,
    0x0, 0x0, 0x0, 0x0, 0x0, 0x0, 0x0, 0x0,
    0x0, 0x0, 0x0, 0xf, 0xff, 0x3, 0xff, 0xff,
    0xfc, 0xf, 0xff, 0xff, 0xf0, 0x3f, 0xff, 0xff,
    0xc0, 0xff, 0xff, 0xff, 0x3, 0xff, 0xff, 0xfc,
    0xf, 0xff, 0xff, 0xf0, 0x3f, 0xff, 0xff, 0xc0,
    0xff, 0xff, 0xff, 0x3, 0xff, 0xff, 0xfc, 0xf,
    0xff, 0xff, 0xf0, 0x3f, 0xff, 0xff, 0xc0, 0xff,
    0xff, 0xff, 0x3, 0xff, 0xff, 0xfc, 0xf, 0xff,
    0xff, 0xf0, 0x3f, 0xff, 0xff, 0xc0, 0xff, 0xff,
    0xff, 0x3, 0xff, 0xff, 0xfc, 0xf, 0xff, 0xff,
    0xf0, 0x3f, 0xff, 0xff, 0xc0, 0xff, 0xff, 0xff,
    0x3, 0xff, 0xff, 0xfc, 0xf, 0xff, 0xff, 0xf0,
    0x3f, 0xff, 0xff, 0xc0, 0xff, 0xf0, 0x3f, 0xff,
    0xf0, 0x0, 0xff, 0xff, 0xc0, 0x3, 0xff, 0xff,
    0x0, 0xf, 0xff, 0xfc, 0x0, 0x3f, 0xff, 0xf0,
    0x0, 0xff, 0xff, 0xc0,

    /* U+00DA "Ú" */
    0x0, 0xf, 0xff, 0x0, 0x0, 0x3f, 0xfc, 0x0,
    0x0, 0xff, 0xf0, 0x0, 0x3, 0xff, 0xc0, 0x0,
    0xf, 0xff, 0x0, 0x0, 0x3f, 0xfc, 0x0, 0x3f,
    0xfc, 0x0, 0x0, 0xff, 0xf0, 0x0, 0x3, 0xff,
    0xc0, 0x0, 0xf, 0xff, 0x0, 0x0, 0x3f, 0xfc,
    0x0, 0x0, 0xff, 0xf0, 0x0, 0x0, 0x0, 0x0,
    0x0, 0x0, 0x0, 0x0, 0x0, 0x0, 0x0, 0x0,
    0x0, 0x0, 0x0, 0x0, 0x0, 0x0, 0x0, 0x0,
    0x0, 0x0, 0x0, 0xf, 0xff, 0x3, 0xff, 0xff,
    0xfc, 0xf, 0xff, 0xff, 0xf0, 0x3f, 0xff, 0xff,
    0xc0, 0xff, 0xff, 0xff, 0x3, 0xff, 0xff, 0xfc,
    0xf, 0xff, 0xff, 0xf0, 0x3f, 0xff, 0xff, 0xc0,
    0xff, 0xff, 0xff, 0x3, 0xff, 0xff, 0xfc, 0xf,
    0xff, 0xff, 0xf0, 0x3f, 0xff, 0xff, 0xc0, 0xff,
    0xff, 0xff, 0x3, 0xff, 0xff, 0xfc, 0xf, 0xff,
    0xff, 0xf0, 0x3f, 0xff, 0xff, 0xc0, 0xff, 0xff,
    0xff, 0x3, 0xff, 0xff, 0xfc, 0xf, 0xff, 0xff,
    0xf0, 0x3f, 0xff, 0xff, 0xc0, 0xff, 0xff, 0xff,
    0x3, 0xff, 0xff, 0xfc, 0xf, 0xff, 0xff, 0xf0,
    0x3f, 0xff, 0xff, 0xc0, 0xff, 0xf0, 0x3f, 0xff,
    0xf0, 0x0, 0xff, 0xff, 0xc0, 0x3, 0xff, 0xff,
    0x0, 0xf, 0xff, 0xfc, 0x0, 0x3f, 0xff, 0xf0,
    0x0, 0xff, 0xff, 0xc0,

    /* U+00DB "Û" */
    0x3, 0xff, 0xff, 0x0, 0xf, 0xff, 0xfc, 0x0,
    0x3f, 0xff, 0xf0, 0x0, 0xff, 0xff, 0xc0, 0x3,
    0xff, 0xff, 0x0, 0xf, 0xff, 0xfc, 0xf, 0xff,
    0x3, 0xff, 0xff, 0xfc, 0xf, 0xff, 0xff, 0xf0,
    0x3f, 0xff, 0xff, 0xc0, 0xff, 0xff, 0xff, 0x3,
    0xff, 0xff, 0xfc, 0xf, 0xff, 0x0, 0x0, 0x0,
    0x0, 0x0, 0x0, 0x0, 0x0, 0x0, 0x0, 0x0,
    0x0, 0x0, 0x0, 0x0, 0x0, 0x0, 0x0, 0x0,
    0x0, 0x0, 0x0, 0xf, 0xff, 0x3, 0xff, 0xff,
    0xfc, 0xf, 0xff, 0xff, 0xf0, 0x3f, 0xff, 0xff,
    0xc0, 0xff, 0xff, 0xff, 0x3, 0xff, 0xff, 0xfc,
    0xf, 0xff, 0xff, 0xf0, 0x3f, 0xff, 0xff, 0xc0,
    0xff, 0xff, 0xff, 0x3, 0xff, 0xff, 0xfc, 0xf,
    0xff, 0xff, 0xf0, 0x3f, 0xff, 0xff, 0xc0, 0xff,
    0xff, 0xff, 0x3, 0xff, 0xff, 0xfc, 0xf, 0xff,
    0xff, 0xf0, 0x3f, 0xff, 0xff, 0xc0, 0xff, 0xff,
    0xff, 0x3, 0xff, 0xff, 0xfc, 0xf, 0xff, 0xff,
    0xf0, 0x3f, 0xff, 0xff, 0xc0, 0xff, 0xff, 0xff,
    0x3, 0xff, 0xff, 0xfc, 0xf, 0xff, 0xff, 0xf0,
    0x3f, 0xff, 0xff, 0xc0, 0xff, 0xf0, 0x3f, 0xff,
    0xf0, 0x0, 0xff, 0xff, 0xc0, 0x3, 0xff, 0xff,
    0x0, 0xf, 0xff, 0xfc, 0x0, 0x3f, 0xff, 0xf0,
    0x0, 0xff, 0xff, 0xc0,

    /* U+00DC "Ü" */
    0xff, 0xf0, 0x3f, 0xff, 0xff, 0xc0, 0xff, 0xff,
    0xff, 0x3, 0xff, 0xff, 0xfc, 0xf, 0xff, 0xff,
    0xf0, 0x3f, 0xff, 0xff, 0xc0, 0xff, 0xf0, 0x0,
    0x0, 0x0, 0x0, 0x0, 0x0, 0x0, 0x0, 0x0,
    0x0, 0x0, 0x0, 0x0, 0x0, 0x0, 0x0, 0x0,
    0x0, 0x0, 0x0, 0x0, 0x0, 0xff, 0xf0, 0x3f,
    0xff, 0xff, 0xc0, 0xff, 0xff, 0xff, 0x3, 0xff,
    0xff, 0xfc, 0xf, 0xff, 0xff, 0xf0, 0x3f, 0xff,
    0xff, 0xc0, 0xff, 0xff, 0xff, 0x3, 0xff, 0xff,
    0xfc, 0xf, 0xff, 0xff, 0xf0, 0x3f, 0xff, 0xff,
    0xc0, 0xff, 0xff, 0xff, 0x3, 0xff, 0xff, 0xfc,
    0xf, 0xff, 0xff, 0xf0, 0x3f, 0xff, 0xff, 0xc0,
    0xff, 0xff, 0xff, 0x3, 0xff, 0xff, 0xfc, 0xf,
    0xff, 0xff, 0xf0, 0x3f, 0xff, 0xff, 0xc0, 0xff,
    0xff, 0xff, 0x3, 0xff, 0xff, 0xfc, 0xf, 0xff,
    0xff, 0xf0, 0x3f, 0xff, 0xff, 0xc0, 0xff, 0xff,
    0xff, 0x3, 0xff, 0xff, 0xfc, 0xf, 0xff, 0x3,
    0xff, 0xff, 0x0, 0xf, 0xff, 0xfc, 0x0, 0x3f,
    0xff, 0xf0, 0x0, 0xff, 0xff, 0xc0, 0x3, 0xff,
    0xff, 0x0, 0xf, 0xff, 0xfc, 0x0,

    /* U+00DD "Ý" */
    0x0, 0x0, 0x3f, 0xfc, 0x0, 0x0, 0x3, 0xff,
    0xc0, 0x0, 0x0, 0x3f, 0xfc, 0x0, 0x0, 0x3,
    0xff, 0xc0, 0x0, 0x0, 0x3f, 0xfc, 0x0, 0x0,
    0x3, 0xff, 0xc0, 0x0, 0xf, 0xff, 0x0, 0x0,
    0x0, 0xff, 0xf0, 0x0, 0x0, 0xf, 0xff, 0x0,
    0x0, 0x0, 0xff, 0xf0, 0x0, 0x0, 0xf, 0xff,
    0x0, 0x0, 0x0, 0xff, 0xf0, 0x0, 0x0, 0x0,
    0x0, 0x0, 0x0, 0x0, 0x0, 0x0, 0x0, 0x0,
    0x0, 0x0, 0x0, 0x0, 0x0, 0x0, 0x0, 0x0,
    0x0, 0x0, 0x0, 0x0, 0x0, 0x0, 0x0, 0x0,
    0x0, 0xff, 0xf0, 0x0, 0xff, 0xff, 0xff, 0x0,
    0xf, 0xff, 0xff, 0xf0, 0x0, 0xff, 0xff, 0xff,
    0x0, 0xf, 0xff, 0xff, 0xf0, 0x0, 0xff, 0xff,
    0xff, 0x0, 0xf, 0xff, 0x3, 0xff, 0xff, 0xfc,
    0x0, 0x3f, 0xff, 0xff, 0xc0, 0x3, 0xff, 0xff,
    0xfc, 0x0, 0x3f, 0xff, 0xff, 0xc0, 0x3, 0xff,
    0xff, 0xfc, 0x0, 0x3f, 0xff, 0xff, 0xc0, 0x0,
    0xf, 0xff, 0x0, 0x0, 0x0, 0xff, 0xf0, 0x0,
    0x0, 0xf, 0xff, 0x0, 0x0, 0x0, 0xff, 0xf0,
    0x0, 0x0, 0xf, 0xff, 0x0, 0x0, 0x0, 0xff,
    0xf0, 0x0, 0x0, 0xf, 0xff, 0x0, 0x0, 0x0,
    0xff, 0xf0, 0x0, 0x0, 0xf, 0xff, 0x0, 0x0,
    0x0, 0xff, 0xf0, 0x0, 0x0, 0xf, 0xff, 0x0,
    0x0, 0x0, 0xff, 0xf0, 0x0, 0x0, 0xf, 0xff,
    0x0, 0x0, 0x0, 0xff, 0xf0, 0x0, 0x0, 0xf,
    0xff, 0x0, 0x0, 0x0, 0xff, 0xf0, 0x0, 0x0,
    0xf, 0xff, 0x0, 0x0, 0x0, 0xff, 0xf0, 0x0,

    /* U+00DE "Þ" */
    0xff, 0xf0, 0x0, 0xff, 0xf0, 0x0, 0xff, 0xf0,
    0x0, 0xff, 0xf0, 0x0, 0xff, 0xf0, 0x0, 0xff,
    0xf0, 0x0, 0xff, 0xff, 0xc0, 0xff, 0xff, 0xc0,
    0xff, 0xff, 0xc0, 0xff, 0xff, 0xc0, 0xff, 0xff,
    0xc0, 0xff, 0xff, 0xc0, 0xff, 0xff, 0xff, 0xff,
    0xff, 0xff, 0xff, 0xff, 0xff, 0xff, 0xff, 0xff,
    0xff, 0xff, 0xff, 0xff, 0xff, 0xff, 0xff, 0xff,
    0xc0, 0xff, 0xff, 0xc0, 0xff, 0xff, 0xc0, 0xff,
    0xff, 0xc0, 0xff, 0xff, 0xc0, 0xff, 0xff, 0xc0,
    0xff, 0xf0, 0x0, 0xff, 0xf0, 0x0, 0xff, 0xf0,
    0x0, 0xff, 0xf0, 0x0, 0xff, 0xf0, 0x0, 0xff,
    0xf0, 0x0,

    /* U+00DF "ß" */
    0x3, 0xff, 0xff, 0x0, 0xf, 0xff, 0xfc, 0x0,
    0x3f, 0xff, 0xf0, 0x0, 0xff, 0xff, 0xc0, 0x3,
    0xff, 0xff, 0x0, 0xf, 0xff, 0xfc, 0xf, 0xff,
    0x3, 0xff, 0xff, 0xfc, 0xf, 0xff, 0xff, 0xf0,
    0x3f, 0xff, 0xff, 0xc0, 0xff, 0xff, 0xff, 0x3,
    0xff, 0xff, 0xfc, 0xf, 0xff, 0xff, 0xff, 0xff,
    0x3, 0xff, 0xff, 0xfc, 0xf, 0xff, 0xff, 0xf0,
    0x3f, 0xff, 0xff, 0xc0, 0xff, 0xff, 0xff, 0x3,
    0xff, 0xff, 0xfc, 0xf, 0xff, 0x3, 0xff, 0xff,
    0xfc, 0xf, 0xff, 0xff, 0xf0, 0x3f, 0xff, 0xff,
    0xc0, 0xff, 0xff, 0xff, 0x3, 0xff, 0xff, 0xfc,
    0xf, 0xff, 0xff, 0xff, 0xff, 0x3, 0xff, 0xff,
    0xfc, 0xf, 0xff, 0xff, 0xf0, 0x3f, 0xff, 0xff,
    0xc0, 0xff, 0xff, 0xff, 0x3, 0xff, 0xff, 0xfc,
    0x0,

    /* U+00E0 "à" */
    0x3, 0xff, 0xc0, 0x0, 0xf, 0xff, 0x0, 0x0,
    0x3f, 0xfc, 0x0, 0x0, 0xff, 0xf0, 0x0, 0x3,
    0xff, 0xc0, 0x0, 0xf, 0xff, 0x0, 0x0, 0x0,
    0xff, 0xf0, 0x0, 0x3, 0xff, 0xc0, 0x0, 0xf,
    0xff, 0x0, 0x0, 0x3f, 0xfc, 0x0, 0x0, 0xff,
    0xf0, 0x0, 0x3, 0xff, 0xc0, 0x0, 0x0, 0x0,
    0x0, 0x0, 0x0, 0x0, 0x0, 0x0, 0x0, 0x0,
    0x0, 0x0, 0x0, 0x0, 0x0, 0x0, 0x0, 0x0,
    0x0, 0x0, 0x0, 0x0, 0x3f, 0xff, 0xf0, 0x0,
    0xff, 0xff, 0xc0, 0x3, 0xff, 0xff, 0x0, 0xf,
    0xff, 0xfc, 0x0, 0x3f, 0xff, 0xf0, 0x0, 0xff,
    0xff, 0xc0, 0xff, 0xf0, 0x3f, 0xff, 0xff, 0xc0,
    0xff, 0xff, 0xff, 0x3, 0xff, 0xff, 0xfc, 0xf,
    0xff, 0xff, 0xf0, 0x3f, 0xff, 0xff, 0xc0, 0xff,
    0xff, 0xff, 0xff, 0xff, 0xff, 0xff, 0xff, 0xff,
    0xff, 0xff, 0xff, 0xff, 0xff, 0xff, 0xff, 0xff,
    0xff, 0xff, 0xff, 0xff, 0xff, 0xff, 0xff, 0xff,
    0xf0, 0x3f, 0xff, 0xff, 0xc0, 0xff, 0xff, 0xff,
    0x3, 0xff, 0xff, 0xfc, 0xf, 0xff, 0xff, 0xf0,
    0x3f, 0xff, 0xff, 0xc0, 0xff, 0xff, 0xff, 0x3,
    0xff, 0xff, 0xfc, 0xf, 0xff, 0xff, 0xf0, 0x3f,
    0xff, 0xff, 0xc0, 0xff, 0xff, 0xff, 0x3, 0xff,
    0xff, 0xfc, 0xf, 0xff,

    /* U+00E1 "á" */
    0x0, 0xf, 0xff, 0x0, 0x0, 0x3f, 0xfc, 0x0,
    0x0, 0xff, 0xf0, 0x0, 0x3, 0xff, 0xc0, 0x0,
    0xf, 0xff, 0x0, 0x0, 0x3f, 0xfc, 0x0, 0x3f,
    0xfc, 0x0, 0x0, 0xff, 0xf0, 0x0, 0x3, 0xff,
    0xc0, 0x0, 0xf, 0xff, 0x0, 0x0, 0x3f, 0xfc,
    0x0, 0x0, 0xff, 0xf0, 0x0, 0x0, 0x0, 0x0,
    0x0, 0x0, 0x0, 0x0, 0x0, 0x0, 0x0, 0x0,
    0x0, 0x0, 0x0, 0x0, 0x0, 0x0, 0x0, 0x0,
    0x0, 0x0, 0x0, 0x0, 0x3f, 0xff, 0xf0, 0x0,
    0xff, 0xff, 0xc0, 0x3, 0xff, 0xff, 0x0, 0xf,
    0xff, 0xfc, 0x0, 0x3f, 0xff, 0xf0, 0x0, 0xff,
    0xff, 0xc0, 0xff, 0xf0, 0x3f, 0xff, 0xff, 0xc0,
    0xff, 0xff, 0xff, 0x3, 0xff, 0xff, 0xfc, 0xf,
    0xff, 0xff, 0xf0, 0x3f, 0xff, 0xff, 0xc0, 0xff,
    0xff, 0xff, 0xff, 0xff, 0xff, 0xff, 0xff, 0xff,
    0xff, 0xff, 0xff, 0xff, 0xff, 0xff, 0xff, 0xff,
    0xff, 0xff, 0xff, 0xff, 0xff, 0xff, 0xff, 0xff,
    0xf0, 0x3f, 0xff, 0xff, 0xc0, 0xff, 0xff, 0xff,
    0x3, 0xff, 0xff, 0xfc, 0xf, 0xff, 0xff, 0xf0,
    0x3f, 0xff, 0xff, 0xc0, 0xff, 0xff, 0xff, 0x3,
    0xff, 0xff, 0xfc, 0xf, 0xff, 0xff, 0xf0, 0x3f,
    0xff, 0xff, 0xc0, 0xff, 0xff, 0xff, 0x3, 0xff,
    0xff, 0xfc, 0xf, 0xff,

    /* U+00E2 "â" */
    0x3, 0xff, 0xff, 0x0, 0xf, 0xff, 0xfc, 0x0,
    0x3f, 0xff, 0xf0, 0x0, 0xff, 0xff, 0xc0, 0x3,
    0xff, 0xff, 0x0, 0xf, 0xff, 0xfc, 0xf, 0xff,
    0x3, 0xff, 0xff, 0xfc, 0xf, 0xff, 0xff, 0xf0,
    0x3f, 0xff, 0xff, 0xc0, 0xff, 0xff, 0xff, 0x3,
    0xff, 0xff, 0xfc, 0xf, 0xff, 0x0, 0x0, 0x0,
    0x0, 0x0, 0x0, 0x0, 0x0, 0x0, 0x0, 0x0,
    0x0, 0x0, 0x0, 0x0, 0x0, 0x0, 0x0, 0x0,
    0x0, 0x0, 0x0, 0x0, 0x3f, 0xff, 0xf0, 0x0,
    0xff, 0xff, 0xc0, 0x3, 0xff, 0xff, 0x0, 0xf,
    0xff, 0xfc, 0x0, 0x3f, 0xff, 0xf0, 0x0, 0xff,
    0xff, 0xc0, 0xff, 0xf0, 0x3f, 0xff, 0xff, 0xc0,
    0xff, 0xff, 0xff, 0x3, 0xff, 0xff, 0xfc, 0xf,
    0xff, 0xff, 0xf0, 0x3f, 0xff, 0xff, 0xc0, 0xff,
    0xff, 0xff, 0xff, 0xff, 0xff, 0xff, 0xff, 0xff,
    0xff, 0xff, 0xff, 0xff, 0xff, 0xff, 0xff, 0xff,
    0xff, 0xff, 0xff, 0xff, 0xff, 0xff, 0xff, 0xff,
    0xf0, 0x3f, 0xff, 0xff, 0xc0, 0xff, 0xff, 0xff,
    0x3, 0xff, 0xff, 0xfc, 0xf, 0xff, 0xff, 0xf0,
    0x3f, 0xff, 0xff, 0xc0, 0xff, 0xff, 0xff, 0x3,
    0xff, 0xff, 0xfc, 0xf, 0xff, 0xff, 0xf0, 0x3f,
    0xff, 0xff, 0xc0, 0xff, 0xff, 0xff, 0x3, 0xff,
    0xff, 0xfc, 0xf, 0xff,

    /* U+00E3 "ã" */
    0x3, 0xff, 0xff, 0xfc, 0xf, 0xff, 0xff, 0xf0,
    0x3f, 0xff, 0xff, 0xc0, 0xff, 0xff, 0xff, 0x3,
    0xff, 0xff, 0xfc, 0xf, 0xff, 0xff, 0xff, 0xff,
    0xff, 0xf0, 0x3f, 0xff, 0xff, 0xc0, 0xff, 0xff,
    0xff, 0x3, 0xff, 0xff, 0xfc, 0xf, 0xff, 0xff,
    0xf0, 0x3f, 0xff, 0xff, 0xc0, 0x0, 0x0, 0x0,
    0x0, 0x0, 0x0, 0x0, 0x0, 0x0, 0x0, 0x0,
    0x0, 0x0, 0x0, 0x0, 0x0, 0x0, 0x0, 0x0,
    0x0, 0x0, 0x0, 0x0, 0x3f, 0xff, 0xf0, 0x0,
    0xff, 0xff, 0xc0, 0x3, 0xff, 0xff, 0x0, 0xf,
    0xff, 0xfc, 0x0, 0x3f, 0xff, 0xf0, 0x0, 0xff,
    0xff, 0xc0, 0xff, 0xf0, 0x3f, 0xff, 0xff, 0xc0,
    0xff, 0xff, 0xff, 0x3, 0xff, 0xff, 0xfc, 0xf,
    0xff, 0xff, 0xf0, 0x3f, 0xff, 0xff, 0xc0, 0xff,
    0xff, 0xff, 0xff, 0xff, 0xff, 0xff, 0xff, 0xff,
    0xff, 0xff, 0xff, 0xff, 0xff, 0xff, 0xff, 0xff,
    0xff, 0xff, 0xff, 0xff, 0xff, 0xff, 0xff, 0xff,
    0xf0, 0x3f, 0xff, 0xff, 0xc0, 0xff, 0xff, 0xff,
    0x3, 0xff, 0xff, 0xfc, 0xf, 0xff, 0xff, 0xf0,
    0x3f, 0xff, 0xff, 0xc0, 0xff, 0xff, 0xff, 0x3,
    0xff, 0xff, 0xfc, 0xf, 0xff, 0xff, 0xf0, 0x3f,
    0xff, 0xff, 0xc0, 0xff, 0xff, 0xff, 0x3, 0xff,
    0xff, 0xfc, 0xf, 0xff,

    /* U+00E4 "ä" */
    0xff, 0xf0, 0x3f, 0xff, 0xff, 0xc0, 0xff, 0xff,
    0xff, 0x3, 0xff, 0xff, 0xfc, 0xf, 0xff, 0xff,
    0xf0, 0x3f, 0xff, 0xff, 0xc0, 0xff, 0xf0, 0x0,
    0x0, 0x0, 0x0, 0x0, 0x0, 0x0, 0x0, 0x0,
    0x0, 0x0, 0x0, 0x0, 0x0, 0x0, 0x0, 0x0,
    0x0, 0x0, 0x0, 0x0, 0x0, 0x3, 0xff, 0xff,
    0x0, 0xf, 0xff, 0xfc, 0x0, 0x3f, 0xff, 0xf0,
    0x0, 0xff, 0xff, 0xc0, 0x3, 0xff, 0xff, 0x0,
    0xf, 0xff, 0xfc, 0xf, 0xff, 0x3, 0xff, 0xff,
    0xfc, 0xf, 0xff, 0xff, 0xf0, 0x3f, 0xff, 0xff,
    0xc0, 0xff, 0xff, 0xff, 0x3, 0xff, 0xff, 0xfc,
    0xf, 0xff, 0xff, 0xff, 0xff, 0xff, 0xff, 0xff,
    0xff, 0xff, 0xff, 0xff, 0xff, 0xff, 0xff, 0xff,
    0xff, 0xff, 0xff, 0xff, 0xff, 0xff, 0xff, 0xff,
    0xff, 0xff, 0x3, 0xff, 0xff, 0xfc, 0xf, 0xff,
    0xff, 0xf0, 0x3f, 0xff, 0xff, 0xc0, 0xff, 0xff,
    0xff, 0x3, 0xff, 0xff, 0xfc, 0xf, 0xff, 0xff,
    0xf0, 0x3f, 0xff, 0xff, 0xc0, 0xff, 0xff, 0xff,
    0x3, 0xff, 0xff, 0xfc, 0xf, 0xff, 0xff, 0xf0,
    0x3f, 0xff, 0xff, 0xc0, 0xff, 0xf0,

    /* U+00E5 "å" */
    0xff, 0xf0, 0x3f, 0xff, 0xff, 0xc0, 0xff, 0xff,
    0xff, 0x3, 0xff, 0xff, 0xfc, 0xf, 0xff, 0xff,
    0xf0, 0x3f, 0xff, 0xff, 0xc0, 0xff, 0xf0, 0x3f,
    0xff, 0xf0, 0x0, 0xff, 0xff, 0xc0, 0x3, 0xff,
    0xff, 0x0, 0xf, 0xff, 0xfc, 0x0, 0x3f, 0xff,
    0xf0, 0x0, 0xff, 0xff, 0xc0, 0x0, 0x0, 0x0,
    0x0, 0x0, 0x0, 0x0, 0x0, 0x0, 0x0, 0x0,
    0x0, 0x0, 0x0, 0x0, 0x0, 0x0, 0x0, 0x0,
    0x0, 0x0, 0x0, 0x0, 0x3f, 0xff, 0xf0, 0x0,
    0xff, 0xff, 0xc0, 0x3, 0xff, 0xff, 0x0, 0xf,
    0xff, 0xfc, 0x0, 0x3f, 0xff, 0xf0, 0x0, 0xff,
    0xff, 0xc0, 0xff, 0xf0, 0x3f, 0xff, 0xff, 0xc0,
    0xff, 0xff, 0xff, 0x3, 0xff, 0xff, 0xfc, 0xf,
    0xff, 0xff, 0xf0, 0x3f, 0xff, 0xff, 0xc0, 0xff,
    0xff, 0xff, 0xff, 0xff, 0xff, 0xff, 0xff, 0xff,
    0xff, 0xff, 0xff, 0xff, 0xff, 0xff, 0xff, 0xff,
    0xff, 0xff, 0xff, 0xff, 0xff, 0xff, 0xff, 0xff,
    0xf0, 0x3f, 0xff, 0xff, 0xc0, 0xff, 0xff, 0xff,
    0x3, 0xff, 0xff, 0xfc, 0xf, 0xff, 0xff, 0xf0,
    0x3f, 0xff, 0xff, 0xc0, 0xff, 0xff, 0xff, 0x3,
    0xff, 0xff, 0xfc, 0xf, 0xff, 0xff, 0xf0, 0x3f,
    0xff, 0xff, 0xc0, 0xff, 0xff, 0xff, 0x3, 0xff,
    0xff, 0xfc, 0xf, 0xff,

    /* U+00E6 "æ" */
    0x3, 0xff, 0xff, 0xff, 0xf0, 0x3f, 0xff, 0xff,
    0xff, 0x3, 0xff, 0xff, 0xff, 0xf0, 0x3f, 0xff,
    0xff, 0xff, 0x3, 0xff, 0xff, 0xff, 0xf0, 0x3f,
    0xff, 0xff, 0xff, 0xff, 0xff, 0xff, 0x0, 0xf,
    0xff, 0xff, 0xf0, 0x0, 0xff, 0xff, 0xff, 0x0,
    0xf, 0xff, 0xff, 0xf0, 0x0, 0xff, 0xff, 0xff,
    0x0, 0xf, 0xff, 0xff, 0xf0, 0x0, 0xff, 0xff,
    0xff, 0xff, 0xff, 0xff, 0xff, 0xff, 0xff, 0xff,
    0xff, 0xff, 0xff, 0xff, 0xff, 0xff, 0xff, 0xff,
    0xff, 0xff, 0xff, 0xff, 0xff, 0xff, 0xff, 0xff,
    0xff, 0xff, 0xff, 0xff, 0x0, 0xf, 0xff, 0xff,
    0xf0, 0x0, 0xff, 0xff, 0xff, 0x0, 0xf, 0xff,
    0xff, 0xf0, 0x0, 0xff, 0xff, 0xff, 0x0, 0xf,
    0xff, 0xff, 0xf0, 0x0, 0xff, 0xff, 0xff, 0xff,
    0xff, 0xff, 0xff, 0xff, 0xff, 0xff, 0xff, 0xff,
    0xff, 0xff, 0xff, 0xff, 0xff, 0xff, 0xff, 0xff,
    0xff, 0xff, 0xff, 0xff, 0xff, 0xff, 0xff,

    /* U+00E7 "ç" */
    0x3, 0xff, 0xff, 0x0, 0xf, 0xff, 0xfc, 0x0,
    0x3f, 0xff, 0xf0, 0x0, 0xff, 0xff, 0xc0, 0x3,
    0xff, 0xff, 0x0, 0xf, 0xff, 0xfc, 0xf, 0xff,
    0x3, 0xff, 0xff, 0xfc, 0xf, 0xff, 0xff, 0xf0,
    0x3f, 0xff, 0xff, 0xc0, 0xff, 0xff, 0xff, 0x3,
    0xff, 0xff, 0xfc, 0xf, 0xff, 0xff, 0xf0, 0x0,
    0x3, 0xff, 0xc0, 0x0, 0xf, 0xff, 0x0, 0x0,
    0x3f, 0xfc, 0x0, 0x0, 0xff, 0xf0, 0x0, 0x3,
    0xff, 0xc0, 0x0, 0xf, 0xff, 0x3, 0xff, 0xff,
    0xfc, 0xf, 0xff, 0xff, 0xf0, 0x3f, 0xff, 0xff,
    0xc0, 0xff, 0xff, 0xff, 0x3, 0xff, 0xff, 0xfc,
    0xf, 0xff, 0x3, 0xff, 0xff, 0x0, 0xf, 0xff,
    0xfc, 0x0, 0x3f, 0xff, 0xf0, 0x0, 0xff, 0xff,
    0xc0, 0x3, 0xff, 0xff, 0x0, 0xf, 0xff, 0xfc,
    0x0, 0x3f, 0xfc, 0x0, 0x0, 0xff, 0xf0, 0x0,
    0x3, 0xff, 0xc0, 0x0, 0xf, 0xff, 0x0, 0x0,
    0x3f, 0xfc, 0x0, 0x0, 0xff, 0xf0, 0x0, 0xff,
    0xf0, 0x0, 0x3, 0xff, 0xc0, 0x0, 0xf, 0xff,
    0x0, 0x0, 0x3f, 0xfc, 0x0, 0x0, 0xff, 0xf0,
    0x0, 0x3, 0xff, 0xc0, 0x0, 0x0,

    /* U+00E8 "è" */
    0xff, 0xf0, 0x0, 0xff, 0xf0, 0x0, 0xff, 0xf0,
    0x0, 0xff, 0xf0, 0x0, 0xff, 0xf0, 0x0, 0xff,
    0xf0, 0x0, 0x3, 0xff, 0xc0, 0x3, 0xff, 0xc0,
    0x3, 0xff, 0xc0, 0x3, 0xff, 0xc0, 0x3, 0xff,
    0xc0, 0x3, 0xff, 0xc0, 0x0, 0x0, 0x0, 0x0,
    0x0, 0x0, 0x0, 0x0, 0x0, 0x0, 0x0, 0x0,
    0x0, 0x0, 0x0, 0x0, 0x0, 0x0, 0xff, 0xff,
    0xff, 0xff, 0xff, 0xff, 0xff, 0xff, 0xff, 0xff,
    0xff, 0xff, 0xff, 0xff, 0xff, 0xff, 0xff, 0xff,
    0xff, 0xf0, 0x0, 0xff, 0xf0, 0x0, 0xff, 0xf0,
    0x0, 0xff, 0xf0, 0x0, 0xff, 0xf0, 0x0, 0xff,
    0xf0, 0x0, 0xff, 0xff, 0xff, 0xff, 0xff, 0xff,
    0xff, 0xff, 0xff, 0xff, 0xff, 0xff, 0xff, 0xff,
    0xff, 0xff, 0xff, 0xff, 0xff, 0xf0, 0x0, 0xff,
    0xf0, 0x0, 0xff, 0xf0, 0x0, 0xff, 0xf0, 0x0,
    0xff, 0xf0, 0x0, 0xff, 0xf0, 0x0, 0xff, 0xff,
    0xff, 0xff, 0xff, 0xff, 0xff, 0xff, 0xff, 0xff,
    0xff, 0xff, 0xff, 0xff, 0xff, 0xff, 0xff, 0xff,

    /* U+00E9 "é" */
    0x0, 0xf, 0xff, 0x0, 0xf, 0xff, 0x0, 0xf,
    0xff, 0x0, 0xf, 0xff, 0x0, 0xf, 0xff, 0x0,
    0xf, 0xff, 0x3, 0xff, 0xc0, 0x3, 0xff, 0xc0,
    0x3, 0xff, 0xc0, 0x3, 0xff, 0xc0, 0x3, 0xff,
    0xc0, 0x3, 0xff, 0xc0, 0x0, 0x0, 0x0, 0x0,
    0x0, 0x0, 0x0, 0x0, 0x0, 0x0, 0x0, 0x0,
    0x0, 0x0, 0x0, 0x0, 0x0, 0x0, 0xff, 0xff,
    0xff, 0xff, 0xff, 0xff, 0xff, 0xff, 0xff, 0xff,
    0xff, 0xff, 0xff, 0xff, 0xff, 0xff, 0xff, 0xff,
    0xff, 0xf0, 0x0, 0xff, 0xf0, 0x0, 0xff, 0xf0,
    0x0, 0xff, 0xf0, 0x0, 0xff, 0xf0, 0x0, 0xff,
    0xf0, 0x0, 0xff, 0xff, 0xff, 0xff, 0xff, 0xff,
    0xff, 0xff, 0xff, 0xff, 0xff, 0xff, 0xff, 0xff,
    0xff, 0xff, 0xff, 0xff, 0xff, 0xf0, 0x0, 0xff,
    0xf0, 0x0, 0xff, 0xf0, 0x0, 0xff, 0xf0, 0x0,
    0xff, 0xf0, 0x0, 0xff, 0xf0, 0x0, 0xff, 0xff,
    0xff, 0xff, 0xff, 0xff, 0xff, 0xff, 0xff, 0xff,
    0xff, 0xff, 0xff, 0xff, 0xff, 0xff, 0xff, 0xff,

    /* U+00EA "ê" */
    0x3, 0xff, 0xc0, 0x3, 0xff, 0xc0, 0x3, 0xff,
    0xc0, 0x3, 0xff, 0xc0, 0x3, 0xff, 0xc0, 0x3,
    0xff, 0xc0, 0xff, 0xff, 0xff, 0xff, 0xff, 0xff,
    0xff, 0xff, 0xff, 0xff, 0xff, 0xff, 0xff, 0xff,
    0xff, 0xff, 0xff, 0xff, 0x0, 0x0, 0x0, 0x0,
    0x0, 0x0, 0x0, 0x0, 0x0, 0x0, 0x0, 0x0,
    0x0, 0x0, 0x0, 0x0, 0x0, 0x0, 0xff, 0xff,
    0xff, 0xff, 0xff, 0xff, 0xff, 0xff, 0xff, 0xff,
    0xff, 0xff, 0xff, 0xff, 0xff, 0xff, 0xff, 0xff,
    0xff, 0xf0, 0x0, 0xff, 0xf0, 0x0, 0xff, 0xf0,
    0x0, 0xff, 0xf0, 0x0, 0xff, 0xf0, 0x0, 0xff,
    0xf0, 0x0, 0xff, 0xff, 0xff, 0xff, 0xff, 0xff,
    0xff, 0xff, 0xff, 0xff, 0xff, 0xff, 0xff, 0xff,
    0xff, 0xff, 0xff, 0xff, 0xff, 0xf0, 0x0, 0xff,
    0xf0, 0x0, 0xff, 0xf0, 0x0, 0xff, 0xf0, 0x0,
    0xff, 0xf0, 0x0, 0xff, 0xf0, 0x0, 0xff, 0xff,
    0xff, 0xff, 0xff, 0xff, 0xff, 0xff, 0xff, 0xff,
    0xff, 0xff, 0xff, 0xff, 0xff, 0xff, 0xff, 0xff,

    /* U+00EB "ë" */
    0xff, 0xff, 0xff, 0xff, 0xff, 0xff, 0xff, 0xff,
    0xff, 0xff, 0xff, 0xff, 0xff, 0xff, 0xff, 0xff,
    0xff, 0xff, 0x0, 0x0, 0x0, 0x0, 0x0, 0x0,
    0x0, 0x0, 0x0, 0x0, 0x0, 0x0, 0x0, 0x0,
    0x0, 0x0, 0x0, 0x0, 0xff, 0xff, 0xff, 0xff,
    0xff, 0xff, 0xff, 0xff, 0xff, 0xff, 0xff, 0xff,
    0xff, 0xff, 0xff, 0xff, 0xff, 0xff, 0xff, 0xf0,
    0x0, 0xff, 0xf0, 0x0, 0xff, 0xf0, 0x0, 0xff,
    0xf0, 0x0, 0xff, 0xf0, 0x0, 0xff, 0xf0, 0x0,
    0xff, 0xff, 0xff, 0xff, 0xff, 0xff, 0xff, 0xff,
    0xff, 0xff, 0xff, 0xff, 0xff, 0xff, 0xff, 0xff,
    0xff, 0xff, 0xff, 0xf0, 0x0, 0xff, 0xf0, 0x0,
    0xff, 0xf0, 0x0, 0xff, 0xf0, 0x0, 0xff, 0xf0,
    0x0, 0xff, 0xf0, 0x0, 0xff, 0xff, 0xff, 0xff,
    0xff, 0xff, 0xff, 0xff, 0xff, 0xff, 0xff, 0xff,
    0xff, 0xff, 0xff, 0xff, 0xff, 0xff,

    /* U+00EC "ì" */
    0xff, 0xf0, 0x3f, 0xfc, 0xf, 0xff, 0x3, 0xff,
    0xc0, 0xff, 0xf0, 0x3f, 0xfc, 0x0, 0x3f, 0xfc,
    0xf, 0xff, 0x3, 0xff, 0xc0, 0xff, 0xf0, 0x3f,
    0xfc, 0xf, 0xff, 0x0, 0x0, 0x0, 0x0, 0x0,
    0x0, 0x0, 0x0, 0x0, 0x0, 0x0, 0x0, 0x0,
    0x0, 0x3f, 0xfc, 0xf, 0xff, 0x3, 0xff, 0xc0,
    0xff, 0xf0, 0x3f, 0xfc, 0xf, 0xff, 0x3, 0xff,
    0xc0, 0xff, 0xf0, 0x3f, 0xfc, 0xf, 0xff, 0x3,
    0xff, 0xc0, 0xff, 0xf0, 0x3f, 0xfc, 0xf, 0xff,
    0x3, 0xff, 0xc0, 0xff, 0xf0, 0x3f, 0xfc, 0xf,
    0xff, 0x3, 0xff, 0xc0, 0xff, 0xf0, 0x3f, 0xfc,
    0xf, 0xff, 0x3, 0xff, 0xc0, 0xff, 0xf0, 0x3f,
    0xfc, 0xf, 0xff, 0x3, 0xff, 0xc0, 0xff, 0xf0,
    0x3f, 0xfc, 0xf, 0xff,

    /* U+00ED "í" */
    0x3, 0xff, 0xc0, 0xff, 0xf0, 0x3f, 0xfc, 0xf,
    0xff, 0x3, 0xff, 0xc0, 0xff, 0xff, 0xff, 0x3,
    0xff, 0xc0, 0xff, 0xf0, 0x3f, 0xfc, 0xf, 0xff,
    0x3, 0xff, 0xc0, 0x0, 0x0, 0x0, 0x0, 0x0,
    0x0, 0x0, 0x0, 0x0, 0x0, 0x0, 0x0, 0x0,
    0xf, 0xff, 0x3, 0xff, 0xc0, 0xff, 0xf0, 0x3f,
    0xfc, 0xf, 0xff, 0x3, 0xff, 0xc0, 0xff, 0xf0,
    0x3f, 0xfc, 0xf, 0xff, 0x3, 0xff, 0xc0, 0xff,
    0xf0, 0x3f, 0xfc, 0xf, 0xff, 0x3, 0xff, 0xc0,
    0xff, 0xf0, 0x3f, 0xfc, 0xf, 0xff, 0x3, 0xff,
    0xc0, 0xff, 0xf0, 0x3f, 0xfc, 0xf, 0xff, 0x3,
    0xff, 0xc0, 0xff, 0xf0, 0x3f, 0xfc, 0xf, 0xff,
    0x3, 0xff, 0xc0, 0xff, 0xf0, 0x3f, 0xfc, 0xf,
    0xff, 0x3, 0xff, 0xc0,

    /* U+00EE "î" */
    0x3, 0xff, 0xc0, 0x3, 0xff, 0xc0, 0x3, 0xff,
    0xc0, 0x3, 0xff, 0xc0, 0x3, 0xff, 0xc0, 0x3,
    0xff, 0xc0, 0xff, 0xff, 0xff, 0xff, 0xff, 0xff,
    0xff, 0xff, 0xff, 0xff, 0xff, 0xff, 0xff, 0xff,
    0xff, 0xff, 0xff, 0xff, 0x0, 0x0, 0x0, 0x0,
    0x0, 0x0, 0x0, 0x0, 0x0, 0x0, 0x0, 0x0,
    0x0, 0x0, 0x0, 0x0, 0x0, 0x0, 0x3, 0xff,
    0xc0, 0x3, 0xff, 0xc0, 0x3, 0xff, 0xc0, 0x3,
    0xff, 0xc0, 0x3, 0xff, 0xc0, 0x3, 0xff, 0xc0,
    0x3, 0xff, 0xc0, 0x3, 0xff, 0xc0, 0x3, 0xff,
    0xc0, 0x3, 0xff, 0xc0, 0x3, 0xff, 0xc0, 0x3,
    0xff, 0xc0, 0x3, 0xff, 0xc0, 0x3, 0xff, 0xc0,
    0x3, 0xff, 0xc0, 0x3, 0xff, 0xc0, 0x3, 0xff,
    0xc0, 0x3, 0xff, 0xc0, 0x3, 0xff, 0xc0, 0x3,
    0xff, 0xc0, 0x3, 0xff, 0xc0, 0x3, 0xff, 0xc0,
    0x3, 0xff, 0xc0, 0x3, 0xff, 0xc0, 0x3, 0xff,
    0xc0, 0x3, 0xff, 0xc0, 0x3, 0xff, 0xc0, 0x3,
    0xff, 0xc0, 0x3, 0xff, 0xc0, 0x3, 0xff, 0xc0,

    /* U+00EF "ï" */
    0xff, 0xff, 0xff, 0xff, 0xff, 0xff, 0xff, 0xff,
    0xff, 0xff, 0xff, 0xff, 0xff, 0xff, 0xff, 0xff,
    0xff, 0xff, 0x0, 0x0, 0x0, 0x0, 0x0, 0x0,
    0x0, 0x0, 0x0, 0x0, 0x0, 0x0, 0x0, 0x0,
    0x0, 0x0, 0x0, 0x0, 0x3, 0xff, 0xc0, 0x3,
    0xff, 0xc0, 0x3, 0xff, 0xc0, 0x3, 0xff, 0xc0,
    0x3, 0xff, 0xc0, 0x3, 0xff, 0xc0, 0x3, 0xff,
    0xc0, 0x3, 0xff, 0xc0, 0x3, 0xff, 0xc0, 0x3,
    0xff, 0xc0, 0x3, 0xff, 0xc0, 0x3, 0xff, 0xc0,
    0x3, 0xff, 0xc0, 0x3, 0xff, 0xc0, 0x3, 0xff,
    0xc0, 0x3, 0xff, 0xc0, 0x3, 0xff, 0xc0, 0x3,
    0xff, 0xc0, 0x3, 0xff, 0xc0, 0x3, 0xff, 0xc0,
    0x3, 0xff, 0xc0, 0x3, 0xff, 0xc0, 0x3, 0xff,
    0xc0, 0x3, 0xff, 0xc0, 0x3, 0xff, 0xc0, 0x3,
    0xff, 0xc0, 0x3, 0xff, 0xc0, 0x3, 0xff, 0xc0,
    0x3, 0xff, 0xc0, 0x3, 0xff, 0xc0,

    /* U+00F0 "ð" */
    0x3, 0xff, 0xff, 0xfc, 0x0, 0x3f, 0xff, 0xff,
    0xc0, 0x3, 0xff, 0xff, 0xfc, 0x0, 0x3f, 0xff,
    0xff, 0xc0, 0x3, 0xff, 0xff, 0xfc, 0x0, 0x3f,
    0xff, 0xff, 0xc0, 0x3, 0xff, 0xc0, 0xff, 0xf0,
    0x3f, 0xfc, 0xf, 0xff, 0x3, 0xff, 0xc0, 0xff,
    0xf0, 0x3f, 0xfc, 0xf, 0xff, 0x3, 0xff, 0xc0,
    0xff, 0xf0, 0x3f, 0xfc, 0xf, 0xff, 0xff, 0xff,
    0xff, 0xff, 0xff, 0xff, 0xff, 0xff, 0xff, 0xff,
    0xff, 0xff, 0xff, 0xff, 0xff, 0xff, 0xff, 0xff,
    0xff, 0xff, 0xff, 0xff, 0xff, 0xff, 0xff, 0xff,
    0xff, 0x3, 0xff, 0xc0, 0xff, 0xf0, 0x3f, 0xfc,
    0xf, 0xff, 0x3, 0xff, 0xc0, 0xff, 0xf0, 0x3f,
    0xfc, 0xf, 0xff, 0x3, 0xff, 0xc0, 0xff, 0xf0,
    0x3f, 0xfc, 0xf, 0xff, 0x3, 0xff, 0xff, 0xfc,
    0x0, 0x3f, 0xff, 0xff, 0xc0, 0x3, 0xff, 0xff,
    0xfc, 0x0, 0x3f, 0xff, 0xff, 0xc0, 0x3, 0xff,
    0xff, 0xfc, 0x0, 0x3f, 0xff, 0xff, 0xc0,

    /* U+00F1 "ñ" */
    0x0, 0xf, 0xff, 0xff, 0xf0, 0x0, 0xff, 0xff,
    0xff, 0x0, 0xf, 0xff, 0xff, 0xf0, 0x0, 0xff,
    0xff, 0xff, 0x0, 0xf, 0xff, 0xff, 0xf0, 0x0,
    0xff, 0xff, 0xff, 0x3, 0xff, 0xff, 0xfc, 0x0,
    0x3f, 0xff, 0xff, 0xc0, 0x3, 0xff, 0xff, 0xfc,
    0x0, 0x3f, 0xff, 0xff, 0xc0, 0x3, 0xff, 0xff,
    0xfc, 0x0, 0x3f, 0xff, 0xff, 0xc0, 0x0, 0x0,
    0x0, 0x0, 0x0, 0x0, 0x0, 0x0, 0x0, 0x0,
    0x0, 0x0, 0x0, 0x0, 0x0, 0x0, 0x0, 0x0,
    0x0, 0x0, 0x0, 0x0, 0x0, 0x0, 0x0, 0x0,
    0x0, 0xff, 0xf0, 0x0, 0xff, 0xff, 0xff, 0x0,
    0xf, 0xff, 0xff, 0xf0, 0x0, 0xff, 0xff, 0xff,
    0x0, 0xf, 0xff, 0xff, 0xf0, 0x0, 0xff, 0xff,
    0xff, 0x0, 0xf, 0xff, 0xff, 0xff, 0xc0, 0xff,
    0xff, 0xff, 0xfc, 0xf, 0xff, 0xff, 0xff, 0xc0,
    0xff, 0xff, 0xff, 0xfc, 0xf, 0xff, 0xff, 0xff,
    0xc0, 0xff, 0xff, 0xff, 0xfc, 0xf, 0xff, 0xff,
    0xff, 0xff, 0xff, 0xff, 0xff, 0xff, 0xff, 0xff,
    0xff, 0xff, 0xff, 0xff, 0xff, 0xff, 0xff, 0xff,
    0xff, 0xff, 0xff, 0xff, 0xff, 0xff, 0xff, 0xff,
    0xff, 0xff, 0xff, 0xf0, 0x3f, 0xff, 0xff, 0xff,
    0x3, 0xff, 0xff, 0xff, 0xf0, 0x3f, 0xff, 0xff,
    0xff, 0x3, 0xff, 0xff, 0xff, 0xf0, 0x3f, 0xff,
    0xff, 0xff, 0x3, 0xff, 0xff, 0xff, 0xf0, 0x0,
    0xff, 0xff, 0xff, 0x0, 0xf, 0xff, 0xff, 0xf0,
    0x0, 0xff, 0xff, 0xff, 0x0, 0xf, 0xff, 0xff,
    0xf0, 0x0, 0xff, 0xff, 0xff, 0x0, 0xf, 0xff,

    /* U+00F2 "ò" */
    0x3, 0xff, 0xc0, 0x0, 0xf, 0xff, 0x0, 0x0,
    0x3f, 0xfc, 0x0, 0x0, 0xff, 0xf0, 0x0, 0x3,
    0xff, 0xc0, 0x0, 0xf, 0xff, 0x0, 0x0, 0x0,
    0xff, 0xf0, 0x0, 0x3, 0xff, 0xc0, 0x0, 0xf,
    0xff, 0x0, 0x0, 0x3f, 0xfc, 0x0, 0x0, 0xff,
    0xf0, 0x0, 0x3, 0xff, 0xc0, 0x0, 0x0, 0x0,
    0x0, 0x0, 0x0, 0x0, 0x0, 0x0, 0x0, 0x0,
    0x0, 0x0, 0x0, 0x0, 0x0, 0x0, 0x0, 0x0,
    0x0, 0x0, 0x0, 0x0, 0x3f, 0xff, 0xf0, 0x0,
    0xff, 0xff, 0xc0, 0x3, 0xff, 0xff, 0x0, 0xf,
    0xff, 0xfc, 0x0, 0x3f, 0xff, 0xf0, 0x0, 0xff,
    0xff, 0xc0, 0xff, 0xf0, 0x3f, 0xff, 0xff, 0xc0,
    0xff, 0xff, 0xff, 0x3, 0xff, 0xff, 0xfc, 0xf,
    0xff, 0xff, 0xf0, 0x3f, 0xff, 0xff, 0xc0, 0xff,
    0xff, 0xff, 0x3, 0xff, 0xff, 0xfc, 0xf, 0xff,
    0xff, 0xf0, 0x3f, 0xff, 0xff, 0xc0, 0xff, 0xff,
    0xff, 0x3, 0xff, 0xff, 0xfc, 0xf, 0xff, 0xff,
    0xf0, 0x3f, 0xff, 0xff, 0xc0, 0xff, 0xff, 0xff,
    0x3, 0xff, 0xff, 0xfc, 0xf, 0xff, 0xff, 0xf0,
    0x3f, 0xff, 0xff, 0xc0, 0xff, 0xf0, 0x3f, 0xff,
    0xf0, 0x0, 0xff, 0xff, 0xc0, 0x3, 0xff, 0xff,
    0x0, 0xf, 0xff, 0xfc, 0x0, 0x3f, 0xff, 0xf0,
    0x0, 0xff, 0xff, 0xc0,

    /* U+00F3 "ó" */
    0x0, 0xf, 0xff, 0x0, 0x0, 0x3f, 0xfc, 0x0,
    0x0, 0xff, 0xf0, 0x0, 0x3, 0xff, 0xc0, 0x0,
    0xf, 0xff, 0x0, 0x0, 0x3f, 0xfc, 0x0, 0x3f,
    0xfc, 0x0, 0x0, 0xff, 0xf0, 0x0, 0x3, 0xff,
    0xc0, 0x0, 0xf, 0xff, 0x0, 0x0, 0x3f, 0xfc,
    0x0, 0x0, 0xff, 0xf0, 0x0, 0x0, 0x0, 0x0,
    0x0, 0x0, 0x0, 0x0, 0x0, 0x0, 0x0, 0x0,
    0x0, 0x0, 0x0, 0x0, 0x0, 0x0, 0x0, 0x0,
    0x0, 0x0, 0x0, 0x0, 0x3f, 0xff, 0xf0, 0x0,
    0xff, 0xff, 0xc0, 0x3, 0xff, 0xff, 0x0, 0xf,
    0xff, 0xfc, 0x0, 0x3f, 0xff, 0xf0, 0x0, 0xff,
    0xff, 0xc0, 0xff, 0xf0, 0x3f, 0xff, 0xff, 0xc0,
    0xff, 0xff, 0xff, 0x3, 0xff, 0xff, 0xfc, 0xf,
    0xff, 0xff, 0xf0, 0x3f, 0xff, 0xff, 0xc0, 0xff,
    0xff, 0xff, 0x3, 0xff, 0xff, 0xfc, 0xf, 0xff,
    0xff, 0xf0, 0x3f, 0xff, 0xff, 0xc0, 0xff, 0xff,
    0xff, 0x3, 0xff, 0xff, 0xfc, 0xf, 0xff, 0xff,
    0xf0, 0x3f, 0xff, 0xff, 0xc0, 0xff, 0xff, 0xff,
    0x3, 0xff, 0xff, 0xfc, 0xf, 0xff, 0xff, 0xf0,
    0x3f, 0xff, 0xff, 0xc0, 0xff, 0xf0, 0x3f, 0xff,
    0xf0, 0x0, 0xff, 0xff, 0xc0, 0x3, 0xff, 0xff,
    0x0, 0xf, 0xff, 0xfc, 0x0, 0x3f, 0xff, 0xf0,
    0x0, 0xff, 0xff, 0xc0,

    /* U+00F4 "ô" */
    0x3, 0xff, 0xff, 0x0, 0xf, 0xff, 0xfc, 0x0,
    0x3f, 0xff, 0xf0, 0x0, 0xff, 0xff, 0xc0, 0x3,
    0xff, 0xff, 0x0, 0xf, 0xff, 0xfc, 0xf, 0xff,
    0x3, 0xff, 0xff, 0xfc, 0xf, 0xff, 0xff, 0xf0,
    0x3f, 0xff, 0xff, 0xc0, 0xff, 0xff, 0xff, 0x3,
    0xff, 0xff, 0xfc, 0xf, 0xff, 0x0, 0x0, 0x0,
    0x0, 0x0, 0x0, 0x0, 0x0, 0x0, 0x0, 0x0,
    0x0, 0x0, 0x0, 0x0, 0x0, 0x0, 0x0, 0x0,
    0x0, 0x0, 0x0, 0x0, 0x3f, 0xff, 0xf0, 0x0,
    0xff, 0xff, 0xc0, 0x3, 0xff, 0xff, 0x0, 0xf,
    0xff, 0xfc, 0x0, 0x3f, 0xff, 0xf0, 0x0, 0xff,
    0xff, 0xc0, 0xff, 0xf0, 0x3f, 0xff, 0xff, 0xc0,
    0xff, 0xff, 0xff, 0x3, 0xff, 0xff, 0xfc, 0xf,
    0xff, 0xff, 0xf0, 0x3f, 0xff, 0xff, 0xc0, 0xff,
    0xff, 0xff, 0x3, 0xff, 0xff, 0xfc, 0xf, 0xff,
    0xff, 0xf0, 0x3f, 0xff, 0xff, 0xc0, 0xff, 0xff,
    0xff, 0x3, 0xff, 0xff, 0xfc, 0xf, 0xff, 0xff,
    0xf0, 0x3f, 0xff, 0xff, 0xc0, 0xff, 0xff, 0xff,
    0x3, 0xff, 0xff, 0xfc, 0xf, 0xff, 0xff, 0xf0,
    0x3f, 0xff, 0xff, 0xc0, 0xff, 0xf0, 0x3f, 0xff,
    0xf0, 0x0, 0xff, 0xff, 0xc0, 0x3, 0xff, 0xff,
    0x0, 0xf, 0xff, 0xfc, 0x0, 0x3f, 0xff, 0xf0,
    0x0, 0xff, 0xff, 0xc0,

    /* U+00F5 "õ" */
    0x3, 0xff, 0xff, 0xfc, 0xf, 0xff, 0xff, 0xf0,
    0x3f, 0xff, 0xff, 0xc0, 0xff, 0xff, 0xff, 0x3,
    0xff, 0xff, 0xfc, 0xf, 0xff, 0xff, 0xff, 0xff,
    0xff, 0xf0, 0x3f, 0xff, 0xff, 0xc0, 0xff, 0xff,
    0xff, 0x3, 0xff, 0xff, 0xfc, 0xf, 0xff, 0xff,
    0xf0, 0x3f, 0xff, 0xff, 0xc0, 0x0, 0x0, 0x0,
    0x0, 0x0, 0x0, 0x0, 0x0, 0x0, 0x0, 0x0,
    0x0, 0x0, 0x0, 0x0, 0x0, 0x0, 0x0, 0x0,
    0x0, 0x0, 0x0, 0x0, 0x3f, 0xff, 0xf0, 0x0,
    0xff, 0xff, 0xc0, 0x3, 0xff, 0xff, 0x0, 0xf,
    0xff, 0xfc, 0x0, 0x3f, 0xff, 0xf0, 0x0, 0xff,
    0xff, 0xc0, 0xff, 0xf0, 0x3f, 0xff, 0xff, 0xc0,
    0xff, 0xff, 0xff, 0x3, 0xff, 0xff, 0xfc, 0xf,
    0xff, 0xff, 0xf0, 0x3f, 0xff, 0xff, 0xc0, 0xff,
    0xff, 0xff, 0x3, 0xff, 0xff, 0xfc, 0xf, 0xff,
    0xff, 0xf0, 0x3f, 0xff, 0xff, 0xc0, 0xff, 0xff,
    0xff, 0x3, 0xff, 0xff, 0xfc, 0xf, 0xff, 0xff,
    0xf0, 0x3f, 0xff, 0xff, 0xc0, 0xff, 0xff, 0xff,
    0x3, 0xff, 0xff, 0xfc, 0xf, 0xff, 0xff, 0xf0,
    0x3f, 0xff, 0xff, 0xc0, 0xff, 0xf0, 0x3f, 0xff,
    0xf0, 0x0, 0xff, 0xff, 0xc0, 0x3, 0xff, 0xff,
    0x0, 0xf, 0xff, 0xfc, 0x0, 0x3f, 0xff, 0xf0,
    0x0, 0xff, 0xff, 0xc0,

    /* U+00F6 "ö" */
    0xff, 0xf0, 0x3f, 0xff, 0xff, 0xc0, 0xff, 0xff,
    0xff, 0x3, 0xff, 0xff, 0xfc, 0xf, 0xff, 0xff,
    0xf0, 0x3f, 0xff, 0xff, 0xc0, 0xff, 0xf0, 0x0,
    0x0, 0x0, 0x0, 0x0, 0x0, 0x0, 0x0, 0x0,
    0x0, 0x0, 0x0, 0x0, 0x0, 0x0, 0x0, 0x0,
    0x0, 0x0, 0x0, 0x0, 0x0, 0x3, 0xff, 0xff,
    0x0, 0xf, 0xff, 0xfc, 0x0, 0x3f, 0xff, 0xf0,
    0x0, 0xff, 0xff, 0xc0, 0x3, 0xff, 0xff, 0x0,
    0xf, 0xff, 0xfc, 0xf, 0xff, 0x3, 0xff, 0xff,
    0xfc, 0xf, 0xff, 0xff, 0xf0, 0x3f, 0xff, 0xff,
    0xc0, 0xff, 0xff, 0xff, 0x3, 0xff, 0xff, 0xfc,
    0xf, 0xff, 0xff, 0xf0, 0x3f, 0xff, 0xff, 0xc0,
    0xff, 0xff, 0xff, 0x3, 0xff, 0xff, 0xfc, 0xf,
    0xff, 0xff, 0xf0, 0x3f, 0xff, 0xff, 0xc0, 0xff,
    0xff, 0xff, 0x3, 0xff, 0xff, 0xfc, 0xf, 0xff,
    0xff, 0xf0, 0x3f, 0xff, 0xff, 0xc0, 0xff, 0xff,
    0xff, 0x3, 0xff, 0xff, 0xfc, 0xf, 0xff, 0x3,
    0xff, 0xff, 0x0, 0xf, 0xff, 0xfc, 0x0, 0x3f,
    0xff, 0xf0, 0x0, 0xff, 0xff, 0xc0, 0x3, 0xff,
    0xff, 0x0, 0xf, 0xff, 0xfc, 0x0,

    /* U+00F7 "÷" */
    0x3, 0xff, 0xc0, 0x3, 0xff, 0xc0, 0x3, 0xff,
    0xc0, 0x3, 0xff, 0xc0, 0x3, 0xff, 0xc0, 0x3,
    0xff, 0xc0, 0x0, 0x0, 0x0, 0x0, 0x0, 0x0,
    0x0, 0x0, 0x0, 0x0, 0x0, 0x0, 0x0, 0x0,
    0x0, 0x0, 0x0, 0x0, 0xff, 0xff, 0xff, 0xff,
    0xff, 0xff, 0xff, 0xff, 0xff, 0xff, 0xff, 0xff,
    0xff, 0xff, 0xff, 0xff, 0xff, 0xff, 0x0, 0x0,
    0x0, 0x0, 0x0, 0x0, 0x0, 0x0, 0x0, 0x0,
    0x0, 0x0, 0x0, 0x0, 0x0, 0x0, 0x0, 0x0,
    0x3, 0xff, 0xc0, 0x3, 0xff, 0xc0, 0x3, 0xff,
    0xc0, 0x3, 0xff, 0xc0, 0x3, 0xff, 0xc0, 0x3,
    0xff, 0xc0,

    /* U+00F8 "ø" */
    0x3, 0xff, 0xff, 0xfc, 0x0, 0x3f, 0xff, 0xff,
    0xc0, 0x3, 0xff, 0xff, 0xfc, 0x0, 0x3f, 0xff,
    0xff, 0xc0, 0x3, 0xff, 0xff, 0xfc, 0x0, 0x3f,
    0xff, 0xff, 0xc0, 0xff, 0xf0, 0x3f, 0xff, 0xff,
    0xff, 0x3, 0xff, 0xff, 0xff, 0xf0, 0x3f, 0xff,
    0xff, 0xff, 0x3, 0xff, 0xff, 0xff, 0xf0, 0x3f,
    0xff, 0xff, 0xff, 0x3, 0xff, 0xff, 0xff, 0xff,
    0xff, 0xff, 0xff, 0xff, 0xff, 0xff, 0xff, 0xff,
    0xff, 0xff, 0xff, 0xff, 0xff, 0xff, 0xff, 0xff,
    0xff, 0xff, 0xff, 0xff, 0xff, 0xff, 0xff, 0xff,
    0xff, 0xff, 0xff, 0xc0, 0xff, 0xff, 0xff, 0xfc,
    0xf, 0xff, 0xff, 0xff, 0xc0, 0xff, 0xff, 0xff,
    0xfc, 0xf, 0xff, 0xff, 0xff, 0xc0, 0xff, 0xff,
    0xff, 0xfc, 0xf, 0xff, 0x3, 0xff, 0xff, 0xfc,
    0x0, 0x3f, 0xff, 0xff, 0xc0, 0x3, 0xff, 0xff,
    0xfc, 0x0, 0x3f, 0xff, 0xff, 0xc0, 0x3, 0xff,
    0xff, 0xfc, 0x0, 0x3f, 0xff, 0xff, 0xc0,

    /* U+00F9 "ù" */
    0x3, 0xff, 0xc0, 0x0, 0xf, 0xff, 0x0, 0x0,
    0x3f, 0xfc, 0x0, 0x0, 0xff, 0xf0, 0x0, 0x3,
    0xff, 0xc0, 0x0, 0xf, 0xff, 0x0, 0x0, 0x0,
    0xff, 0xf0, 0x0, 0x3, 0xff, 0xc0, 0x0, 0xf,
    0xff, 0x0, 0x0, 0x3f, 0xfc, 0x0, 0x0, 0xff,
    0xf0, 0x0, 0x3, 0xff, 0xc0, 0x0, 0x0, 0x0,
    0x0, 0x0, 0x0, 0x0, 0x0, 0x0, 0x0, 0x0,
    0x0, 0x0, 0x0, 0x0, 0x0, 0x0, 0x0, 0x0,
    0x0, 0x0, 0x0, 0xf, 0xff, 0x3, 0xff, 0xff,
    0xfc, 0xf, 0xff, 0xff, 0xf0, 0x3f, 0xff, 0xff,
    0xc0, 0xff, 0xff, 0xff, 0x3, 0xff, 0xff, 0xfc,
    0xf, 0xff, 0xff, 0xf0, 0x3f, 0xff, 0xff, 0xc0,
    0xff, 0xff, 0xff, 0x3, 0xff, 0xff, 0xfc, 0xf,
    0xff, 0xff, 0xf0, 0x3f, 0xff, 0xff, 0xc0, 0xff,
    0xff, 0xff, 0x3, 0xff, 0xff, 0xfc, 0xf, 0xff,
    0xff, 0xf0, 0x3f, 0xff, 0xff, 0xc0, 0xff, 0xff,
    0xff, 0x3, 0xff, 0xff, 0xfc, 0xf, 0xff, 0xff,
    0xf0, 0x3f, 0xff, 0xff, 0xc0, 0xff, 0xff, 0xff,
    0x3, 0xff, 0xff, 0xfc, 0xf, 0xff, 0xff, 0xf0,
    0x3f, 0xff, 0xff, 0xc0, 0xff, 0xf0, 0x3f, 0xff,
    0xf0, 0x0, 0xff, 0xff, 0xc0, 0x3, 0xff, 0xff,
    0x0, 0xf, 0xff, 0xfc, 0x0, 0x3f, 0xff, 0xf0,
    0x0, 0xff, 0xff, 0xc0,

    /* U+00FA "ú" */
    0x0, 0xf, 0xff, 0x0, 0x0, 0x3f, 0xfc, 0x0,
    0x0, 0xff, 0xf0, 0x0, 0x3, 0xff, 0xc0, 0x0,
    0xf, 0xff, 0x0, 0x0, 0x3f, 0xfc, 0x0, 0x3f,
    0xfc, 0x0, 0x0, 0xff, 0xf0, 0x0, 0x3, 0xff,
    0xc0, 0x0, 0xf, 0xff, 0x0, 0x0, 0x3f, 0xfc,
    0x0, 0x0, 0xff, 0xf0, 0x0, 0x0, 0x0, 0x0,
    0x0, 0x0, 0x0, 0x0, 0x0, 0x0, 0x0, 0x0,
    0x0, 0x0, 0x0, 0x0, 0x0, 0x0, 0x0, 0x0,
    0x0, 0x0, 0x0, 0xf, 0xff, 0x3, 0xff, 0xff,
    0xfc, 0xf, 0xff, 0xff, 0xf0, 0x3f, 0xff, 0xff,
    0xc0, 0xff, 0xff, 0xff, 0x3, 0xff, 0xff, 0xfc,
    0xf, 0xff, 0xff, 0xf0, 0x3f, 0xff, 0xff, 0xc0,
    0xff, 0xff, 0xff, 0x3, 0xff, 0xff, 0xfc, 0xf,
    0xff, 0xff, 0xf0, 0x3f, 0xff, 0xff, 0xc0, 0xff,
    0xff, 0xff, 0x3, 0xff, 0xff, 0xfc, 0xf, 0xff,
    0xff, 0xf0, 0x3f, 0xff, 0xff, 0xc0, 0xff, 0xff,
    0xff, 0x3, 0xff, 0xff, 0xfc, 0xf, 0xff, 0xff,
    0xf0, 0x3f, 0xff, 0xff, 0xc0, 0xff, 0xff, 0xff,
    0x3, 0xff, 0xff, 0xfc, 0xf, 0xff, 0xff, 0xf0,
    0x3f, 0xff, 0xff, 0xc0, 0xff, 0xf0, 0x3f, 0xff,
    0xf0, 0x0, 0xff, 0xff, 0xc0, 0x3, 0xff, 0xff,
    0x0, 0xf, 0xff, 0xfc, 0x0, 0x3f, 0xff, 0xf0,
    0x0, 0xff, 0xff, 0xc0,

    /* U+00FB "û" */
    0x3, 0xff, 0xff, 0x0, 0xf, 0xff, 0xfc, 0x0,
    0x3f, 0xff, 0xf0, 0x0, 0xff, 0xff, 0xc0, 0x3,
    0xff, 0xff, 0x0, 0xf, 0xff, 0xfc, 0xf, 0xff,
    0x3, 0xff, 0xff, 0xfc, 0xf, 0xff, 0xff, 0xf0,
    0x3f, 0xff, 0xff, 0xc0, 0xff, 0xff, 0xff, 0x3,
    0xff, 0xff, 0xfc, 0xf, 0xff, 0x0, 0x0, 0x0,
    0x0, 0x0, 0x0, 0x0, 0x0, 0x0, 0x0, 0x0,
    0x0, 0x0, 0x0, 0x0, 0x0, 0x0, 0x0, 0x0,
    0x0, 0x0, 0x0, 0xf, 0xff, 0x3, 0xff, 0xff,
    0xfc, 0xf, 0xff, 0xff, 0xf0, 0x3f, 0xff, 0xff,
    0xc0, 0xff, 0xff, 0xff, 0x3, 0xff, 0xff, 0xfc,
    0xf, 0xff, 0xff, 0xf0, 0x3f, 0xff, 0xff, 0xc0,
    0xff, 0xff, 0xff, 0x3, 0xff, 0xff, 0xfc, 0xf,
    0xff, 0xff, 0xf0, 0x3f, 0xff, 0xff, 0xc0, 0xff,
    0xff, 0xff, 0x3, 0xff, 0xff, 0xfc, 0xf, 0xff,
    0xff, 0xf0, 0x3f, 0xff, 0xff, 0xc0, 0xff, 0xff,
    0xff, 0x3, 0xff, 0xff, 0xfc, 0xf, 0xff, 0xff,
    0xf0, 0x3f, 0xff, 0xff, 0xc0, 0xff, 0xff, 0xff,
    0x3, 0xff, 0xff, 0xfc, 0xf, 0xff, 0xff, 0xf0,
    0x3f, 0xff, 0xff, 0xc0, 0xff, 0xf0, 0x3f, 0xff,
    0xf0, 0x0, 0xff, 0xff, 0xc0, 0x3, 0xff, 0xff,
    0x0, 0xf, 0xff, 0xfc, 0x0, 0x3f, 0xff, 0xf0,
    0x0, 0xff, 0xff, 0xc0,

    /* U+00FC "ü" */
    0xff, 0xf0, 0x3f, 0xff, 0xff, 0xc0, 0xff, 0xff,
    0xff, 0x3, 0xff, 0xff, 0xfc, 0xf, 0xff, 0xff,
    0xf0, 0x3f, 0xff, 0xff, 0xc0, 0xff, 0xf0, 0x0,
    0x0, 0x0, 0x0, 0x0, 0x0, 0x0, 0x0, 0x0,
    0x0, 0x0, 0x0, 0x0, 0x0, 0x0, 0x0, 0x0,
    0x0, 0x0, 0x0, 0x0, 0x0, 0xff, 0xf0, 0x3f,
    0xff, 0xff, 0xc0, 0xff, 0xff, 0xff, 0x3, 0xff,
    0xff, 0xfc, 0xf, 0xff, 0xff, 0xf0, 0x3f, 0xff,
    0xff, 0xc0, 0xff, 0xff, 0xff, 0x3, 0xff, 0xff,
    0xfc, 0xf, 0xff, 0xff, 0xf0, 0x3f, 0xff, 0xff,
    0xc0, 0xff, 0xff, 0xff, 0x3, 0xff, 0xff, 0xfc,
    0xf, 0xff, 0xff, 0xf0, 0x3f, 0xff, 0xff, 0xc0,
    0xff, 0xff, 0xff, 0x3, 0xff, 0xff, 0xfc, 0xf,
    0xff, 0xff, 0xf0, 0x3f, 0xff, 0xff, 0xc0, 0xff,
    0xff, 0xff, 0x3, 0xff, 0xff, 0xfc, 0xf, 0xff,
    0xff, 0xf0, 0x3f, 0xff, 0xff, 0xc0, 0xff, 0xff,
    0xff, 0x3, 0xff, 0xff, 0xfc, 0xf, 0xff, 0x3,
    0xff, 0xff, 0x0, 0xf, 0xff, 0xfc, 0x0, 0x3f,
    0xff, 0xf0, 0x0, 0xff, 0xff, 0xc0, 0x3, 0xff,
    0xff, 0x0, 0xf, 0xff, 0xfc, 0x0,

    /* U+00FD "ý" */
    0x0, 0x0, 0x3f, 0xfc, 0x0, 0x0, 0x3, 0xff,
    0xc0, 0x0, 0x0, 0x3f, 0xfc, 0x0, 0x0, 0x3,
    0xff, 0xc0, 0x0, 0x0, 0x3f, 0xfc, 0x0, 0x0,
    0x3, 0xff, 0xc0, 0x0, 0xf, 0xff, 0x0, 0x0,
    0x0, 0xff, 0xf0, 0x0, 0x0, 0xf, 0xff, 0x0,
    0x0, 0x0, 0xff, 0xf0, 0x0, 0x0, 0xf, 0xff,
    0x0, 0x0, 0x0, 0xff, 0xf0, 0x0, 0x0, 0x0,
    0x0, 0x0, 0x0, 0x0, 0x0, 0x0, 0x0, 0x0,
    0x0, 0x0, 0x0, 0x0, 0x0, 0x0, 0x0, 0x0,
    0x0, 0x0, 0x0, 0x0, 0x0, 0x0, 0x0, 0x0,
    0x0, 0xff, 0xf0, 0x0, 0xff, 0xff, 0xff, 0x0,
    0xf, 0xff, 0xff, 0xf0, 0x0, 0xff, 0xff, 0xff,
    0x0, 0xf, 0xff, 0xff, 0xf0, 0x0, 0xff, 0xff,
    0xff, 0x0, 0xf, 0xff, 0x3, 0xff, 0xff, 0xfc,
    0x0, 0x3f, 0xff, 0xff, 0xc0, 0x3, 0xff, 0xff,
    0xfc, 0x0, 0x3f, 0xff, 0xff, 0xc0, 0x3, 0xff,
    0xff, 0xfc, 0x0, 0x3f, 0xff, 0xff, 0xc0, 0x0,
    0xf, 0xff, 0x0, 0x0, 0x0, 0xff, 0xf0, 0x0,
    0x0, 0xf, 0xff, 0x0, 0x0, 0x0, 0xff, 0xf0,
    0x0, 0x0, 0xf, 0xff, 0x0, 0x0, 0x0, 0xff,
    0xf0, 0x0, 0x0, 0xf, 0xff, 0x0, 0x0, 0x0,
    0xff, 0xf0, 0x0, 0x0, 0xf, 0xff, 0x0, 0x0,
    0x0, 0xff, 0xf0, 0x0, 0x0, 0xf, 0xff, 0x0,
    0x0, 0x0, 0xff, 0xf0, 0x0, 0x0, 0xf, 0xff,
    0x0, 0x0, 0x0, 0xff, 0xf0, 0x0, 0x0, 0xf,
    0xff, 0x0, 0x0, 0x0, 0xff, 0xf0, 0x0, 0x0,
    0xf, 0xff, 0x0, 0x0, 0x0, 0xff, 0xf0, 0x0,

    /* U+00FE "þ" */
    0xff, 0xf0, 0x0, 0xff, 0xf0, 0x0, 0xff, 0xf0,
    0x0, 0xff, 0xf0, 0x0, 0xff, 0xf0, 0x0, 0xff,
    0xf0, 0x0, 0xff, 0xff, 0xc0, 0xff, 0xff, 0xc0,
    0xff, 0xff, 0xc0, 0xff, 0xff, 0xc0, 0xff, 0xff,
    0xc0, 0xff, 0xff, 0xc0, 0xff, 0xff, 0xff, 0xff,
    0xff, 0xff, 0xff, 0xff, 0xff, 0xff, 0xff, 0xff,
    0xff, 0xff, 0xff, 0xff, 0xff, 0xff, 0xff, 0xff,
    0xc0, 0xff, 0xff, 0xc0, 0xff, 0xff, 0xc0, 0xff,
    0xff, 0xc0, 0xff, 0xff, 0xc0, 0xff, 0xff, 0xc0,
    0xff, 0xf0, 0x0, 0xff, 0xf0, 0x0, 0xff, 0xf0,
    0x0, 0xff, 0xf0, 0x0, 0xff, 0xf0, 0x0, 0xff,
    0xf0, 0x0,

    /* U+00FF "ÿ" */
    0x3, 0xff, 0xff, 0xfc, 0x0, 0x3f, 0xff, 0xff,
    0xc0, 0x3, 0xff, 0xff, 0xfc, 0x0, 0x3f, 0xff,
    0xff, 0xc0, 0x3, 0xff, 0xff, 0xfc, 0x0, 0x3f,
    0xff, 0xff, 0xc0, 0x0, 0x0, 0x0, 0x0, 0x0,
    0x0, 0x0, 0x0, 0x0, 0x0, 0x0, 0x0, 0x0,
    0x0, 0x0, 0x0, 0x0, 0x0, 0x0, 0x0, 0x0,
    0x0, 0x0, 0x0, 0x0, 0x0, 0x0, 0xff, 0xf0,
    0x0, 0xff, 0xff, 0xff, 0x0, 0xf, 0xff, 0xff,
    0xf0, 0x0, 0xff, 0xff, 0xff, 0x0, 0xf, 0xff,
    0xff, 0xf0, 0x0, 0xff, 0xff, 0xff, 0x0, 0xf,
    0xff, 0x3, 0xff, 0xff, 0xfc, 0x0, 0x3f, 0xff,
    0xff, 0xc0, 0x3, 0xff, 0xff, 0xfc, 0x0, 0x3f,
    0xff, 0xff, 0xc0, 0x3, 0xff, 0xff, 0xfc, 0x0,
    0x3f, 0xff, 0xff, 0xc0, 0x0, 0xf, 0xff, 0x0,
    0x0, 0x0, 0xff, 0xf0, 0x0, 0x0, 0xf, 0xff,
    0x0, 0x0, 0x0, 0xff, 0xf0, 0x0, 0x0, 0xf,
    0xff, 0x0, 0x0, 0x0, 0xff, 0xf0, 0x0, 0x0,
    0xf, 0xff, 0x0, 0x0, 0x0, 0xff, 0xf0, 0x0,
    0x0, 0xf, 0xff, 0x0, 0x0, 0x0, 0xff, 0xf0,
    0x0, 0x0, 0xf, 0xff, 0x0, 0x0, 0x0, 0xff,
    0xf0, 0x0, 0x0, 0xf, 0xff, 0x0, 0x0, 0x0,
    0xff, 0xf0, 0x0, 0x0, 0xf, 0xff, 0x0, 0x0,
    0x0, 0xff, 0xf0, 0x0, 0x0, 0xf, 0xff, 0x0,
    0x0, 0x0, 0xff, 0xf0, 0x0,

    /* U+2013 "–" */
    0xff, 0xff, 0xff, 0xff, 0xff, 0xff, 0xff, 0xff,
    0xff, 0xff, 0xff, 0xff, 0xff, 0xff, 0xff, 0xff,
    0xff, 0xff, 0xff, 0xff, 0xff, 0xff, 0xf0,

    /* U+2014 "—" */
    0xff, 0xff, 0xff, 0xff, 0xff, 0xff, 0xff, 0xff,
    0xff, 0xff, 0xff, 0xff, 0xff, 0xff, 0xff, 0xff,
    0xff, 0xff, 0xff, 0xff, 0xff, 0xff, 0xff, 0xff,
    0xff, 0xff, 0xff, 0xff, 0xff, 0xff, 0xff, 0xf0,

    /* U+2018 "‘" */
    0xff, 0xff, 0xff, 0xff, 0xff, 0xff, 0xff, 0xff,
    0xff, 0xff, 0xff, 0xff, 0xff, 0xff, 0xff, 0xff,
    0xff, 0xff,

    /* U+2019 "’" */
    0xff, 0xff, 0xff, 0xff, 0xff, 0xff, 0xff, 0xff,
    0xff, 0xff, 0xff, 0xff, 0xff, 0xff, 0xff, 0xff,
    0xff, 0xff,

    /* U+201A "‚" */
    0x3, 0xff, 0xc0, 0xff, 0xf0, 0x3f, 0xfc, 0xf,
    0xff, 0x3, 0xff, 0xc0, 0xff, 0xff, 0xff, 0x3,
    0xff, 0xc0, 0xff, 0xf0, 0x3f, 0xfc, 0xf, 0xff,
    0x3, 0xff, 0xc0,

    /* U+201C "“" */
    0xff, 0xff, 0xff, 0xff, 0xff, 0xff, 0xff, 0xff,
    0xff, 0xff, 0xff, 0xff, 0xff, 0xff, 0xff, 0xff,
    0xff, 0xff, 0xff, 0xff, 0xff, 0xff, 0xff, 0xff,
    0xff, 0xff, 0xff, 0xff, 0xff, 0xff, 0xff, 0xff,
    0xff, 0xff, 0xff, 0xff,

    /* U+201D "”" */
    0xff, 0xff, 0xff, 0xff, 0xff, 0xff, 0xff, 0xff,
    0xff, 0xff, 0xff, 0xff, 0xff, 0xff, 0xff, 0xff,
    0xff, 0xff, 0xff, 0xff, 0xff, 0xff, 0xff, 0xff,
    0xff, 0xff, 0xff, 0xff, 0xff, 0xff, 0xff, 0xff,
    0xff, 0xff, 0xff, 0xff,

    /* U+2026 "…" */
    0xff, 0xff, 0xff, 0xff, 0xff, 0xff, 0xff, 0xff,
    0xff, 0xff, 0xff, 0xff, 0xff, 0xff, 0xff, 0xff,
    0xff, 0xff, 0xff, 0xff, 0xff, 0xff, 0xff, 0xff,
    0xff, 0xff, 0xff,

    /* U+20AC "€" */
    0x0, 0xf, 0xff, 0xfc, 0x0, 0x0, 0xff, 0xff,
    0xc0, 0x0, 0xf, 0xff, 0xfc, 0x0, 0x0, 0xff,
    0xff, 0xc0, 0x0, 0xf, 0xff, 0xfc, 0x0, 0x0,
    0xff, 0xff, 0xc0, 0x3, 0xff, 0xc0, 0xff, 0xf0,
    0x3f, 0xfc, 0xf, 0xff, 0x3, 0xff, 0xc0, 0xff,
    0xf0, 0x3f, 0xfc, 0xf, 0xff, 0x3, 0xff, 0xc0,
    0xff, 0xf0, 0x3f, 0xfc, 0xf, 0xff, 0xff, 0xff,
    0xff, 0x0, 0xf, 0xff, 0xff, 0xf0, 0x0, 0xff,
    0xff, 0xff, 0x0, 0xf, 0xff, 0xff, 0xf0, 0x0,
    0xff, 0xff, 0xff, 0x0, 0xf, 0xff, 0xff, 0xf0,
    0x0, 0x3, 0xff, 0xc0, 0xff, 0xf0, 0x3f, 0xfc,
    0xf, 0xff, 0x3, 0xff, 0xc0, 0xff, 0xf0, 0x3f,
    0xfc, 0xf, 0xff, 0x3, 0xff, 0xc0, 0xff, 0xf0,
    0x3f, 0xfc, 0xf, 0xff, 0x0, 0xf, 0xff, 0xfc,
    0x0, 0x0, 0xff, 0xff, 0xc0, 0x0, 0xf, 0xff,
    0xfc, 0x0, 0x0, 0xff, 0xff, 0xc0, 0x0, 0xf,
    0xff, 0xfc, 0x0, 0x0, 0xff, 0xff, 0xc0
};


/*---------------------
 *  GLYPH DESCRIPTION
 *--------------------*/

static const lv_font_fmt_txt_glyph_dsc_t glyph_dsc[] = {
    {.bitmap_index = 0, .adv_w = 0, .box_w = 0, .box_h = 0, .ofs_x = 0, .ofs_y = 0} /* id = 0 reserved */,
    {.bitmap_index = 0, .adv_w = 384, .box_w = 1, .box_h = 1, .ofs_x = 0, .ofs_y = 0},
    {.bitmap_index = 1, .adv_w = 384, .box_w = 12, .box_h = 30, .ofs_x = 6, .ofs_y = 0},
    {.bitmap_index = 46, .adv_w = 576, .box_w = 24, .box_h = 12, .ofs_x = 6, .ofs_y = 18},
    {.bitmap_index = 82, .adv_w = 768, .box_w = 36, .box_h = 30, .ofs_x = 6, .ofs_y = 0},
    {.bitmap_index = 217, .adv_w = 672, .box_w = 30, .box_h = 42, .ofs_x = 6, .ofs_y = -6},
    {.bitmap_index = 375, .adv_w = 768, .box_w = 36, .box_h = 30, .ofs_x = 6, .ofs_y = 0},
    {.bitmap_index = 510, .adv_w = 672, .box_w = 30, .box_h = 42, .ofs_x = 6, .ofs_y = -6},
    {.bitmap_index = 668, .adv_w = 384, .box_w = 12, .box_h = 12, .ofs_x = 6, .ofs_y = 18},
    {.bitmap_index = 686, .adv_w = 480, .box_w = 18, .box_h = 30, .ofs_x = 6, .ofs_y = 0},
    {.bitmap_index = 754, .adv_w = 480, .box_w = 18, .box_h = 30, .ofs_x = 6, .ofs_y = 0},
    {.bitmap_index = 822, .adv_w = 768, .box_w = 36, .box_h = 30, .ofs_x = 6, .ofs_y = 0},
    {.bitmap_index = 957, .adv_w = 768, .box_w = 36, .box_h = 30, .ofs_x = 6, .ofs_y = 0},
    {.bitmap_index = 1092, .adv_w = 480, .box_w = 18, .box_h = 12, .ofs_x = 6, .ofs_y = -6},
    {.bitmap_index = 1119, .adv_w = 576, .box_w = 24, .box_h = 6, .ofs_x = 6, .ofs_y = 12},
    {.bitmap_index = 1137, .adv_w = 384, .box_w = 12, .box_h = 6, .ofs_x = 6, .ofs_y = 0},
    {.bitmap_index = 1146, .adv_w = 576, .box_w = 24, .box_h = 30, .ofs_x = 6, .ofs_y = 0},
    {.bitmap_index = 1236, .adv_w = 672, .box_w = 30, .box_h = 30, .ofs_x = 6, .ofs_y = 0},
    {.bitmap_index = 1349, .adv_w = 576, .box_w = 24, .box_h = 30, .ofs_x = 6, .ofs_y = 0},
    {.bitmap_index = 1439, .adv_w = 672, .box_w = 30, .box_h = 30, .ofs_x = 6, .ofs_y = 0},
    {.bitmap_index = 1552, .adv_w = 672, .box_w = 30, .box_h = 30, .ofs_x = 6, .ofs_y = 0},
    {.bitmap_index = 1665, .adv_w = 672, .box_w = 30, .box_h = 30, .ofs_x = 6, .ofs_y = 0},
    {.bitmap_index = 1778, .adv_w = 672, .box_w = 30, .box_h = 30, .ofs_x = 6, .ofs_y = 0},
    {.bitmap_index = 1891, .adv_w = 672, .box_w = 30, .box_h = 30, .ofs_x = 6, .ofs_y = 0},
    {.bitmap_index = 2004, .adv_w = 672, .box_w = 30, .box_h = 30, .ofs_x = 6, .ofs_y = 0},
    {.bitmap_index = 2117, .adv_w = 672, .box_w = 30, .box_h = 30, .ofs_x = 6, .ofs_y = 0},
    {.bitmap_index = 2230, .adv_w = 672, .box_w = 30, .box_h = 30, .ofs_x = 6, .ofs_y = 0},
    {.bitmap_index = 2343, .adv_w = 384, .box_w = 12, .box_h = 18, .ofs_x = 6, .ofs_y = 6},
    {.bitmap_index = 2370, .adv_w = 480, .box_w = 18, .box_h = 24, .ofs_x = 6, .ofs_y = 0},
    {.bitmap_index = 2424, .adv_w = 576, .box_w = 24, .box_h = 30, .ofs_x = 6, .ofs_y = 0},
    {.bitmap_index = 2514, .adv_w = 576, .box_w = 24, .box_h = 18, .ofs_x = 6, .ofs_y = 6},
    {.bitmap_index = 2568, .adv_w = 576, .box_w = 24, .box_h = 30, .ofs_x = 6, .ofs_y = 0},
    {.bitmap_index = 2658, .adv_w = 672, .box_w = 30, .box_h = 30, .ofs_x = 6, .ofs_y = 0},
    {.bitmap_index = 2771, .adv_w = 768, .box_w = 36, .box_h = 30, .ofs_x = 6, .ofs_y = 0},
    {.bitmap_index = 2906, .adv_w = 672, .box_w = 30, .box_h = 30, .ofs_x = 6, .ofs_y = 0},
    {.bitmap_index = 3019, .adv_w = 672, .box_w = 30, .box_h = 30, .ofs_x = 6, .ofs_y = 0},
    {.bitmap_index = 3132, .adv_w = 672, .box_w = 30, .box_h = 30, .ofs_x = 6, .ofs_y = 0},
    {.bitmap_index = 3245, .adv_w = 672, .box_w = 30, .box_h = 30, .ofs_x = 6, .ofs_y = 0},
    {.bitmap_index = 3358, .adv_w = 576, .box_w = 24, .box_h = 30, .ofs_x = 6, .ofs_y = 0},
    {.bitmap_index = 3448, .adv_w = 576, .box_w = 24, .box_h = 30, .ofs_x = 6, .ofs_y = 0},
    {.bitmap_index = 3538, .adv_w = 672, .box_w = 30, .box_h = 30, .ofs_x = 6, .ofs_y = 0},
    {.bitmap_index = 3651, .adv_w = 672, .box_w = 30, .box_h = 30, .ofs_x = 6, .ofs_y = 0},
    {.bitmap_index = 3764, .adv_w = 384, .box_w = 12, .box_h = 30, .ofs_x = 6, .ofs_y = 0},
    {.bitmap_index = 3809, .adv_w = 672, .box_w = 30, .box_h = 30, .ofs_x = 6, .ofs_y = 0},
    {.bitmap_index = 3922, .adv_w = 672, .box_w = 30, .box_h = 30, .ofs_x = 6, .ofs_y = 0},
    {.bitmap_index = 4035, .adv_w = 576, .box_w = 24, .box_h = 30, .ofs_x = 6, .ofs_y = 0},
    {.bitmap_index = 4125, .adv_w = 768, .box_w = 36, .box_h = 30, .ofs_x = 6, .ofs_y = 0},
    {.bitmap_index = 4260, .adv_w = 768, .box_w = 36, .box_h = 30, .ofs_x = 6, .ofs_y = 0},
    {.bitmap_index = 4395, .adv_w = 672, .box_w = 30, .box_h = 30, .ofs_x = 6, .ofs_y = 0},
    {.bitmap_index = 4508, .adv_w = 672, .box_w = 30, .box_h = 30, .ofs_x = 6, .ofs_y = 0},
    {.bitmap_index = 4621, .adv_w = 672, .box_w = 30, .box_h = 36, .ofs_x = 6, .ofs_y = -6},
    {.bitmap_index = 4756, .adv_w = 672, .box_w = 30, .box_h = 30, .ofs_x = 6, .ofs_y = 0},
    {.bitmap_index = 4869, .adv_w = 672, .box_w = 30, .box_h = 30, .ofs_x = 6, .ofs_y = 0},
    {.bitmap_index = 4982, .adv_w = 576, .box_w = 24, .box_h = 30, .ofs_x = 6, .ofs_y = 0},
    {.bitmap_index = 5072, .adv_w = 672, .box_w = 30, .box_h = 30, .ofs_x = 6, .ofs_y = 0},
    {.bitmap_index = 5185, .adv_w = 768, .box_w = 36, .box_h = 30, .ofs_x = 6, .ofs_y = 0},
    {.bitmap_index = 5320, .adv_w = 768, .box_w = 36, .box_h = 30, .ofs_x = 6, .ofs_y = 0},
    {.bitmap_index = 5455, .adv_w = 768, .box_w = 36, .box_h = 30, .ofs_x = 6, .ofs_y = 0},
    {.bitmap_index = 5590, .adv_w = 768, .box_w = 36, .box_h = 30, .ofs_x = 6, .ofs_y = 0},
    {.bitmap_index = 5725, .adv_w = 576, .box_w = 24, .box_h = 30, .ofs_x = 6, .ofs_y = 0},
    {.bitmap_index = 5815, .adv_w = 480, .box_w = 18, .box_h = 30, .ofs_x = 6, .ofs_y = 0},
    {.bitmap_index = 5883, .adv_w = 576, .box_w = 24, .box_h = 30, .ofs_x = 6, .ofs_y = 0},
    {.bitmap_index = 5973, .adv_w = 480, .box_w = 18, .box_h = 30, .ofs_x = 6, .ofs_y = 0},
    {.bitmap_index = 6041, .adv_w = 576, .box_w = 24, .box_h = 12, .ofs_x = 6, .ofs_y = 24},
    {.bitmap_index = 6077, .adv_w = 672, .box_w = 30, .box_h = 6, .ofs_x = 6, .ofs_y = -6},
    {.bitmap_index = 6100, .adv_w = 480, .box_w = 18, .box_h = 12, .ofs_x = 6, .ofs_y = 36},
    {.bitmap_index = 6127, .adv_w = 672, .box_w = 30, .box_h = 30, .ofs_x = 6, .ofs_y = 0},
    {.bitmap_index = 6240, .adv_w = 672, .box_w = 30, .box_h = 30, .ofs_x = 6, .ofs_y = 0},
    {.bitmap_index = 6353, .adv_w = 672, .box_w = 30, .box_h = 30, .ofs_x = 6, .ofs_y = 0},
    {.bitmap_index = 6466, .adv_w = 672, .box_w = 30, .box_h = 30, .ofs_x = 6, .ofs_y = 0},
    {.bitmap_index = 6579, .adv_w = 576, .box_w = 24, .box_h = 30, .ofs_x = 6, .ofs_y = 0},
    {.bitmap_index = 6669, .adv_w = 576, .box_w = 24, .box_h = 30, .ofs_x = 6, .ofs_y = 0},
    {.bitmap_index = 6759, .adv_w = 672, .box_w = 30, .box_h = 30, .ofs_x = 6, .ofs_y = 0},
    {.bitmap_index = 6872, .adv_w = 672, .box_w = 30, .box_h = 30, .ofs_x = 6, .ofs_y = 0},
    {.bitmap_index = 6985, .adv_w = 384, .box_w = 12, .box_h = 30, .ofs_x = 6, .ofs_y = 0},
    {.bitmap_index = 7030, .adv_w = 672, .box_w = 30, .box_h = 30, .ofs_x = 6, .ofs_y = 0},
    {.bitmap_index = 7143, .adv_w = 672, .box_w = 30, .box_h = 30, .ofs_x = 6, .ofs_y = 0},
    {.bitmap_index = 7256, .adv_w = 576, .box_w = 24, .box_h = 30, .ofs_x = 6, .ofs_y = 0},
    {.bitmap_index = 7346, .adv_w = 768, .box_w = 36, .box_h = 30, .ofs_x = 6, .ofs_y = 0},
    {.bitmap_index = 7481, .adv_w = 768, .box_w = 36, .box_h = 30, .ofs_x = 6, .ofs_y = 0},
    {.bitmap_index = 7616, .adv_w = 672, .box_w = 30, .box_h = 30, .ofs_x = 6, .ofs_y = 0},
    {.bitmap_index = 7729, .adv_w = 672, .box_w = 30, .box_h = 30, .ofs_x = 6, .ofs_y = 0},
    {.bitmap_index = 7842, .adv_w = 672, .box_w = 30, .box_h = 36, .ofs_x = 6, .ofs_y = -6},
    {.bitmap_index = 7977, .adv_w = 672, .box_w = 30, .box_h = 30, .ofs_x = 6, .ofs_y = 0},
    {.bitmap_index = 8090, .adv_w = 672, .box_w = 30, .box_h = 30, .ofs_x = 6, .ofs_y = 0},
    {.bitmap_index = 8203, .adv_w = 576, .box_w = 24, .box_h = 30, .ofs_x = 6, .ofs_y = 0},
    {.bitmap_index = 8293, .adv_w = 672, .box_w = 30, .box_h = 30, .ofs_x = 6, .ofs_y = 0},
    {.bitmap_index = 8406, .adv_w = 768, .box_w = 36, .box_h = 30, .ofs_x = 6, .ofs_y = 0},
    {.bitmap_index = 8541, .adv_w = 768, .box_w = 36, .box_h = 30, .ofs_x = 6, .ofs_y = 0},
    {.bitmap_index = 8676, .adv_w = 768, .box_w = 36, .box_h = 30, .ofs_x = 6, .ofs_y = 0},
    {.bitmap_index = 8811, .adv_w = 768, .box_w = 36, .box_h = 30, .ofs_x = 6, .ofs_y = 0},
    {.bitmap_index = 8946, .adv_w = 576, .box_w = 24, .box_h = 30, .ofs_x = 6, .ofs_y = 0},
    {.bitmap_index = 9036, .adv_w = 576, .box_w = 24, .box_h = 30, .ofs_x = 6, .ofs_y = 0},
    {.bitmap_index = 9126, .adv_w = 384, .box_w = 12, .box_h = 42, .ofs_x = 6, .ofs_y = -6},
    {.bitmap_index = 9189, .adv_w = 576, .box_w = 24, .box_h = 30, .ofs_x = 6, .ofs_y = 0},
    {.bitmap_index = 9279, .adv_w = 672, .box_w = 30, .box_h = 12, .ofs_x = 6, .ofs_y = 18},
    {.bitmap_index = 9324, .adv_w = 384, .box_w = 1, .box_h = 1, .ofs_x = 0, .ofs_y = 0},
    {.bitmap_index = 9325, .adv_w = 384, .box_w = 12, .box_h = 30, .ofs_x = 6, .ofs_y = 0},
    {.bitmap_index = 9370, .adv_w = 576, .box_w = 24, .box_h = 30, .ofs_x = 6, .ofs_y = 0},
    {.bitmap_index = 9460, .adv_w = 672, .box_w = 30, .box_h = 30, .ofs_x = 6, .ofs_y = 0},
    {.bitmap_index = 9573, .adv_w = 768, .box_w = 36, .box_h = 30, .ofs_x = 6, .ofs_y = 0},
    {.bitmap_index = 9708, .adv_w = 768, .box_w = 36, .box_h = 30, .ofs_x = 6, .ofs_y = 0},
    {.bitmap_index = 9843, .adv_w = 384, .box_w = 12, .box_h = 30, .ofs_x = 6, .ofs_y = 0},
    {.bitmap_index = 9888, .adv_w = 672, .box_w = 30, .box_h = 42, .ofs_x = 6, .ofs_y = -6},
    {.bitmap_index = 10046, .adv_w = 576, .box_w = 30, .box_h = 6, .ofs_x = 3, .ofs_y = 42},
    {.bitmap_index = 10069, .adv_w = 960, .box_w = 48, .box_h = 42, .ofs_x = 6, .ofs_y = -6},
    {.bitmap_index = 10321, .adv_w = 576, .box_w = 24, .box_h = 18, .ofs_x = 6, .ofs_y = 12},
    {.bitmap_index = 10375, .adv_w = 768, .box_w = 36, .box_h = 18, .ofs_x = 6, .ofs_y = 6},
    {.bitmap_index = 10456, .adv_w = 672, .box_w = 30, .box_h = 12, .ofs_x = 6, .ofs_y = 6},
    {.bitmap_index = 10501, .adv_w = 0, .box_w = 24, .box_h = 6, .ofs_x = -12, .ofs_y = 12},
    {.bitmap_index = 10519, .adv_w = 960, .box_w = 48, .box_h = 42, .ofs_x = 6, .ofs_y = -6},
    {.bitmap_index = 10771, .adv_w = 672, .box_w = 30, .box_h = 6, .ofs_x = 6, .ofs_y = 24},
    {.bitmap_index = 10794, .adv_w = 576, .box_w = 24, .box_h = 18, .ofs_x = 6, .ofs_y = 12},
    {.bitmap_index = 10848, .adv_w = 768, .box_w = 36, .box_h = 36, .ofs_x = 6, .ofs_y = -6},
    {.bitmap_index = 11010, .adv_w = 576, .box_w = 24, .box_h = 24, .ofs_x = 6, .ofs_y = 6},
    {.bitmap_index = 11082, .adv_w = 576, .box_w = 24, .box_h = 24, .ofs_x = 6, .ofs_y = 6},
    {.bitmap_index = 11154, .adv_w = 480, .box_w = 18, .box_h = 12, .ofs_x = 6, .ofs_y = 36},
    {.bitmap_index = 11181, .adv_w = 672, .box_w = 30, .box_h = 36, .ofs_x = 6, .ofs_y = -6},
    {.bitmap_index = 11316, .adv_w = 768, .box_w = 36, .box_h = 30, .ofs_x = 6, .ofs_y = 0},
    {.bitmap_index = 11451, .adv_w = 384, .box_w = 12, .box_h = 6, .ofs_x = 6, .ofs_y = 12},
    {.bitmap_index = 11460, .adv_w = 480, .box_w = 18, .box_h = 12, .ofs_x = 6, .ofs_y = -12},
    {.bitmap_index = 11487, .adv_w = 480, .box_w = 18, .box_h = 24, .ofs_x = 6, .ofs_y = 6},
    {.bitmap_index = 11541, .adv_w = 576, .box_w = 24, .box_h = 18, .ofs_x = 6, .ofs_y = 12},
    {.bitmap_index = 11595, .adv_w = 768, .box_w = 36, .box_h = 18, .ofs_x = 6, .ofs_y = 6},
    {.bitmap_index = 11676, .adv_w = 960, .box_w = 48, .box_h = 30, .ofs_x = 6, .ofs_y = 0},
    {.bitmap_index = 11856, .adv_w = 960, .box_w = 48, .box_h = 30, .ofs_x = 6, .ofs_y = 0},
    {.bitmap_index = 12036, .adv_w = 1056, .box_w = 54, .box_h = 30, .ofs_x = 6, .ofs_y = 0},
    {.bitmap_index = 12239, .adv_w = 672, .box_w = 30, .box_h = 30, .ofs_x = 6, .ofs_y = 0},
    {.bitmap_index = 12352, .adv_w = 672, .box_w = 30, .box_h = 48, .ofs_x = 6, .ofs_y = 0},
    {.bitmap_index = 12532, .adv_w = 672, .box_w = 30, .box_h = 48, .ofs_x = 6, .ofs_y = 0},
    {.bitmap_index = 12712, .adv_w = 672, .box_w = 30, .box_h = 48, .ofs_x = 6, .ofs_y = 0},
    {.bitmap_index = 12892, .adv_w = 672, .box_w = 30, .box_h = 48, .ofs_x = 6, .ofs_y = 0},
    {.bitmap_index = 13072, .adv_w = 672, .box_w = 30, .box_h = 42, .ofs_x = 6, .ofs_y = 0},
    {.bitmap_index = 13230, .adv_w = 672, .box_w = 30, .box_h = 48, .ofs_x = 6, .ofs_y = 0},
    {.bitmap_index = 13410, .adv_w = 768, .box_w = 36, .box_h = 30, .ofs_x = 6, .ofs_y = 0},
    {.bitmap_index = 13545, .adv_w = 672, .box_w = 30, .box_h = 42, .ofs_x = 6, .ofs_y = -12},
    {.bitmap_index = 13703, .adv_w = 576, .box_w = 24, .box_h = 48, .ofs_x = 6, .ofs_y = 0},
    {.bitmap_index = 13847, .adv_w = 576, .box_w = 24, .box_h = 48, .ofs_x = 6, .ofs_y = 0},
    {.bitmap_index = 13991, .adv_w = 576, .box_w = 24, .box_h = 48, .ofs_x = 6, .ofs_y = 0},
    {.bitmap_index = 14135, .adv_w = 576, .box_w = 24, .box_h = 42, .ofs_x = 6, .ofs_y = 0},
    {.bitmap_index = 14261, .adv_w = 384, .box_w = 18, .box_h = 48, .ofs_x = 0, .ofs_y = 0},
    {.bitmap_index = 14369, .adv_w = 384, .box_w = 18, .box_h = 48, .ofs_x = 6, .ofs_y = 0},
    {.bitmap_index = 14477, .adv_w = 384, .box_w = 24, .box_h = 48, .ofs_x = 0, .ofs_y = 0},
    {.bitmap_index = 14621, .adv_w = 384, .box_w = 24, .box_h = 42, .ofs_x = 0, .ofs_y = 0},
    {.bitmap_index = 14747, .adv_w = 768, .box_w = 36, .box_h = 30, .ofs_x = 6, .ofs_y = 0},
    {.bitmap_index = 14882, .adv_w = 768, .box_w = 36, .box_h = 48, .ofs_x = 6, .ofs_y = 0},
    {.bitmap_index = 15098, .adv_w = 672, .box_w = 30, .box_h = 48, .ofs_x = 6, .ofs_y = 0},
    {.bitmap_index = 15278, .adv_w = 672, .box_w = 30, .box_h = 48, .ofs_x = 6, .ofs_y = 0},
    {.bitmap_index = 15458, .adv_w = 672, .box_w = 30, .box_h = 48, .ofs_x = 6, .ofs_y = 0},
    {.bitmap_index = 15638, .adv_w = 672, .box_w = 30, .box_h = 48, .ofs_x = 6, .ofs_y = 0},
    {.bitmap_index = 15818, .adv_w = 672, .box_w = 30, .box_h = 42, .ofs_x = 6, .ofs_y = 0},
    {.bitmap_index = 15976, .adv_w = 576, .box_w = 24, .box_h = 18, .ofs_x = 6, .ofs_y = 6},
    {.bitmap_index = 16030, .adv_w = 768, .box_w = 36, .box_h = 30, .ofs_x = 6, .ofs_y = 0},
    {.bitmap_index = 16165, .adv_w = 672, .box_w = 30, .box_h = 48, .ofs_x = 6, .ofs_y = 0},
    {.bitmap_index = 16345, .adv_w = 672, .box_w = 30, .box_h = 48, .ofs_x = 6, .ofs_y = 0},
    {.bitmap_index = 16525, .adv_w = 672, .box_w = 30, .box_h = 48, .ofs_x = 6, .ofs_y = 0},
    {.bitmap_index = 16705, .adv_w = 672, .box_w = 30, .box_h = 42, .ofs_x = 6, .ofs_y = 0},
    {.bitmap_index = 16863, .adv_w = 768, .box_w = 36, .box_h = 48, .ofs_x = 6, .ofs_y = 0},
    {.bitmap_index = 17079, .adv_w = 576, .box_w = 24, .box_h = 30, .ofs_x = 6, .ofs_y = 0},
    {.bitmap_index = 17169, .adv_w = 672, .box_w = 30, .box_h = 30, .ofs_x = 6, .ofs_y = 0},
    {.bitmap_index = 17282, .adv_w = 672, .box_w = 30, .box_h = 48, .ofs_x = 6, .ofs_y = 0},
    {.bitmap_index = 17462, .adv_w = 672, .box_w = 30, .box_h = 48, .ofs_x = 6, .ofs_y = 0},
    {.bitmap_index = 17642, .adv_w = 672, .box_w = 30, .box_h = 48, .ofs_x = 6, .ofs_y = 0},
    {.bitmap_index = 17822, .adv_w = 672, .box_w = 30, .box_h = 48, .ofs_x = 6, .ofs_y = 0},
    {.bitmap_index = 18002, .adv_w = 672, .box_w = 30, .box_h = 42, .ofs_x = 6, .ofs_y = 0},
    {.bitmap_index = 18160, .adv_w = 672, .box_w = 30, .box_h = 48, .ofs_x = 6, .ofs_y = 0},
    {.bitmap_index = 18340, .adv_w = 768, .box_w = 36, .box_h = 30, .ofs_x = 6, .ofs_y = 0},
    {.bitmap_index = 18475, .adv_w = 672, .box_w = 30, .box_h = 42, .ofs_x = 6, .ofs_y = -12},
    {.bitmap_index = 18633, .adv_w = 576, .box_w = 24, .box_h = 48, .ofs_x = 6, .ofs_y = 0},
    {.bitmap_index = 18777, .adv_w = 576, .box_w = 24, .box_h = 48, .ofs_x = 6, .ofs_y = 0},
    {.bitmap_index = 18921, .adv_w = 576, .box_w = 24, .box_h = 48, .ofs_x = 6, .ofs_y = 0},
    {.bitmap_index = 19065, .adv_w = 576, .box_w = 24, .box_h = 42, .ofs_x = 6, .ofs_y = 0},
    {.bitmap_index = 19191, .adv_w = 384, .box_w = 18, .box_h = 48, .ofs_x = 0, .ofs_y = 0},
    {.bitmap_index = 19299, .adv_w = 384, .box_w = 18, .box_h = 48, .ofs_x = 6, .ofs_y = 0},
    {.bitmap_index = 19407, .adv_w = 384, .box_w = 24, .box_h = 48, .ofs_x = 0, .ofs_y = 0},
    {.bitmap_index = 19551, .adv_w = 384, .box_w = 24, .box_h = 42, .ofs_x = 0, .ofs_y = 0},
    {.bitmap_index = 19677, .adv_w = 768, .box_w = 36, .box_h = 30, .ofs_x = 6, .ofs_y = 0},
    {.bitmap_index = 19812, .adv_w = 768, .box_w = 36, .box_h = 48, .ofs_x = 6, .ofs_y = 0},
    {.bitmap_index = 20028, .adv_w = 672, .box_w = 30, .box_h = 48, .ofs_x = 6, .ofs_y = 0},
    {.bitmap_index = 20208, .adv_w = 672, .box_w = 30, .box_h = 48, .ofs_x = 6, .ofs_y = 0},
    {.bitmap_index = 20388, .adv_w = 672, .box_w = 30, .box_h = 48, .ofs_x = 6, .ofs_y = 0},
    {.bitmap_index = 20568, .adv_w = 672, .box_w = 30, .box_h = 48, .ofs_x = 6, .ofs_y = 0},
    {.bitmap_index = 20748, .adv_w = 672, .box_w = 30, .box_h = 42, .ofs_x = 6, .ofs_y = 0},
    {.bitmap_index = 20906, .adv_w = 576, .box_w = 24, .box_h = 30, .ofs_x = 6, .ofs_y = 0},
    {.bitmap_index = 20996, .adv_w = 768, .box_w = 36, .box_h = 30, .ofs_x = 6, .ofs_y = 0},
    {.bitmap_index = 21131, .adv_w = 672, .box_w = 30, .box_h = 48, .ofs_x = 6, .ofs_y = 0},
    {.bitmap_index = 21311, .adv_w = 672, .box_w = 30, .box_h = 48, .ofs_x = 6, .ofs_y = 0},
    {.bitmap_index = 21491, .adv_w = 672, .box_w = 30, .box_h = 48, .ofs_x = 6, .ofs_y = 0},
    {.bitmap_index = 21671, .adv_w = 672, .box_w = 30, .box_h = 42, .ofs_x = 6, .ofs_y = 0},
    {.bitmap_index = 21829, .adv_w = 768, .box_w = 36, .box_h = 48, .ofs_x = 6, .ofs_y = 0},
    {.bitmap_index = 22045, .adv_w = 576, .box_w = 24, .box_h = 30, .ofs_x = 6, .ofs_y = 0},
    {.bitmap_index = 22135, .adv_w = 768, .box_w = 36, .box_h = 42, .ofs_x = 6, .ofs_y = 0},
    {.bitmap_index = 22324, .adv_w = 672, .box_w = 30, .box_h = 6, .ofs_x = 6, .ofs_y = 12},
    {.bitmap_index = 22347, .adv_w = 864, .box_w = 42, .box_h = 6, .ofs_x = 6, .ofs_y = 12},
    {.bitmap_index = 22379, .adv_w = 384, .box_w = 12, .box_h = 12, .ofs_x = 6, .ofs_y = 18},
    {.bitmap_index = 22397, .adv_w = 384, .box_w = 12, .box_h = 12, .ofs_x = 6, .ofs_y = 18},
    {.bitmap_index = 22415, .adv_w = 480, .box_w = 18, .box_h = 12, .ofs_x = 6, .ofs_y = -6},
    {.bitmap_index = 22442, .adv_w = 576, .box_w = 24, .box_h = 12, .ofs_x = 6, .ofs_y = 18},
    {.bitmap_index = 22478, .adv_w = 576, .box_w = 24, .box_h = 12, .ofs_x = 6, .ofs_y = 18},
    {.bitmap_index = 22514, .adv_w = 768, .box_w = 36, .box_h = 6, .ofs_x = 6, .ofs_y = 0},
    {.bitmap_index = 22541, .adv_w = 768, .box_w = 36, .box_h = 30, .ofs_x = 6, .ofs_y = 0}
};

/*---------------------
 *  CHARACTER MAPPING
 *--------------------*/

static const uint16_t unicode_list_2[] = {
    0x0, 0x1, 0x5, 0x6, 0x7, 0x9, 0xa, 0x13,
    0x99
};

/*Collect the unicode lists and glyph_id offsets*/
static const lv_font_fmt_txt_cmap_t cmaps[] =
{
    {
        .range_start = 32, .range_length = 95, .glyph_id_start = 1,
        .unicode_list = NULL, .glyph_id_ofs_list = NULL, .list_length = 0, .type = LV_FONT_FMT_TXT_CMAP_FORMAT0_TINY
    },
    {
        .range_start = 160, .range_length = 96, .glyph_id_start = 96,
        .unicode_list = NULL, .glyph_id_ofs_list = NULL, .list_length = 0, .type = LV_FONT_FMT_TXT_CMAP_FORMAT0_TINY
    },
    {
        .range_start = 8211, .range_length = 154, .glyph_id_start = 192,
        .unicode_list = unicode_list_2, .glyph_id_ofs_list = NULL, .list_length = 9, .type = LV_FONT_FMT_TXT_CMAP_SPARSE_TINY
    }
};



/*--------------------
 *  ALL CUSTOM DATA
 *--------------------*/

#if LVGL_VERSION_MAJOR == 8
/*Store all the custom data of the font*/
static  lv_font_fmt_txt_glyph_cache_t cache;
#endif

#if LVGL_VERSION_MAJOR >= 8
static const lv_font_fmt_txt_dsc_t font_dsc = {
#else
static lv_font_fmt_txt_dsc_t font_dsc = {
#endif
    .glyph_bitmap = glyph_bitmap,
    .glyph_dsc = glyph_dsc,
    .cmaps = cmaps,
    .kern_dsc = NULL,
    .kern_scale = 0,
    .cmap_num = 3,
    .bpp = 1,
    .kern_classes = 0,
    .bitmap_format = 0,
#if LVGL_VERSION_MAJOR == 8
    .cache = &cache
#endif
};



/*-----------------
 *  PUBLIC FONT
 *----------------*/

/*Initialize a public general font descriptor*/
#if LVGL_VERSION_MAJOR >= 8
const lv_font_t tonus_font_display_48 = {
#else
lv_font_t tonus_font_display_48 = {
#endif
    .get_glyph_dsc = lv_font_get_glyph_dsc_fmt_txt,    /*Function pointer to get glyph's data*/
    .get_glyph_bitmap = lv_font_get_bitmap_fmt_txt,    /*Function pointer to get glyph's bitmap*/
    .line_height = 60,          /*The maximum line height required by the font*/
    .base_line = 12,             /*Baseline measured from the bottom of the line*/
#if !(LVGL_VERSION_MAJOR == 6 && LVGL_VERSION_MINOR == 0)
    .subpx = LV_FONT_SUBPX_NONE,
#endif
#if LV_VERSION_CHECK(7, 4, 0) || LVGL_VERSION_MAJOR >= 8
    .underline_position = -5,
    .underline_thickness = 2,
#endif
    .dsc = &font_dsc,          /*The custom font data. Will be accessed by `get_glyph_bitmap/dsc` */
#if LV_VERSION_CHECK(8, 2, 0) || LVGL_VERSION_MAJOR >= 9
    .fallback = NULL,
#endif
    .user_data = NULL,
};



#endif /*#if TONUS_FONT_DISPLAY_48*/

